item_id,type,csv_title,csv_author,matched_by,score,volume_id,gb_title,gb_authors,isbn13,isbn10,publisher,published,pages,categories,cover,description
4040723473,本,ザ・ビデオ・ゲーム・ウィズ・ノーネーム,赤野工作,isbn,1.0,NvKAswEACAAJ,ザ・ビデオ・ゲーム・ウィズ・ノーネーム,赤野工作,9784040723471,4040723473,,2017-06,0,Japanese fiction,https://books.google.com/books/content?id=NvKAswEACAAJ&printsec=frontcover&img=1&zoom=1&source=gbs_api,2XXX年より、ゲーム愛をこめて。
404605168X,本,奇書の世界史2 歴史を動かす“もっとヤバい書物”の物語,三崎律日,isbn,1.0,FtTozgEACAAJ,奇書の世界史2 歴史を動かす“もっとヤバい書物”の物語,三崎律日,9784046051684,404605168X,,2022-03-02,272,,https://books.google.com/books/content?id=FtTozgEACAAJ&printsec=frontcover&img=1&zoom=1&source=gbs_api,奇書に潜む真実を知ったとき、「歴史っておもしろい」ではすまされない...。
4103364726,本,「全世界史」講義 教養に効く!人類5000年史 古代・中世編 (I),出口治明,isbn,1.0,71k2jwEACAAJ,「全世界史」講義 I 古代・中世編 教養に効く!人類5000年史,出口治明,9784103364726,4103364726,,2016-01,384,,https://books.google.com/books/content?id=71k2jwEACAAJ&printsec=frontcover&img=1&zoom=1&source=gbs_api,「教養の達人」のライフワーク、ついに登場!文明が誕生してから現在までの歴史を一気読み。読めば世界がひとつに繋がる!
4152100206,本,三体3 死神永生 上,劉慈欣,isbn,1.0,DNN3zgEACAAJ,三体 3 死神永生上,劉慈欣,9784152100207,4152100206,,2021-05,432,,https://books.google.com/books/content?id=DNN3zgEACAAJ&printsec=frontcover&img=1&zoom=1&source=gbs_api,三体文明の地球侵略に対抗する「面壁計画」の裏で、極秘の「階梯計画」が進行していた。その目的は、三体艦隊に人類のスパイを送り込むこと!小説の歴史を塗り替えた驚異の中国エンタメ、ついに完結。
4152100214,本,三体3 死神永生 下,劉慈欣,isbn,1.0,BZV9zgEACAAJ,三体 3 死神永生下,劉慈欣,9784152100214,4152100214,,2021-05,448,,https://books.google.com/books/content?id=BZV9zgEACAAJ&printsec=frontcover&img=1&zoom=1&source=gbs_api,地球文明と三体文明、二つの世界の運命をその手に握る執剣者(ソードホルダー)が下した決断とは!?世界を圧倒した現在中国最大の衝撃作、想像を遙か超えるその結末を目撃せよ。
B09QKS3KB4,電子書籍,サラバ　上・中・下巻　合本版 (小学館文庫),西加奈子,title,1.2,-WpZEAAAQBAJ,サラバ　上・中・下巻　合本版,西加奈子,,,小学館,,512,Fiction,https://books.google.com/books/content?id=-WpZEAAAQBAJ&printsec=frontcover&img=1&zoom=1&edge=curl&source=gbs_api,第152回直木賞受賞作、待望の電子化！『サラバ』上・中・下合本版！！ 僕はこの世界に左足から登場した――。 圷歩は、父の海外赴任先であるイランの病院で生を受けた。その後、父母、そして問題児の姉とともに、イラン革命のために帰国を余儀なくされた歩は、大阪での新生活を始める。幼稚園、小学校で周囲にすぐに溶け込めた歩と違って姉は「ご神木」と呼ばれ、孤立を深めていった。 そんな折り、父の新たな赴任先がエジプトに決まる。メイド付きの豪華なマンション住まい。初めてのピラミッド。日本人学校に通うことになった歩は、ある日、ヤコブというエジプト人の少年と出会うことになる。
B009GXM2OE,電子書籍,スティーブ・ジョブズ　II,ウォルター・アイザックソン,title,1.2,IIKqBQAAQBAJ,スティーブ・ジョブズ　II,ウォルター・アイザックソン / 井口耕二,,,講談社,2011-11-01,412,Social Science,https://books.google.com/books/content?id=IIKqBQAAQBAJ&printsec=frontcover&img=1&zoom=1&edge=curl&source=gbs_api,約三年にわたり、のべ数十時間にもおよぶ徹底した本人や家族へのインタビュー、未公開の家族写真なども世界初公開。ライバルだったビル・ゲイツをはじめ、アル・ゴア、ルパート・マードック、スティーブ・ウォズニアック、そして後継者のティム・クック……世界的に有名なジョブズ関係者百数十名へのインタビュー、コメントも豊富。
B0B6BR15YV,電子書籍,【閲覧注意】ネットの怖い話　クリーピーパスタ (ハヤカワ文庫NV),倉田 真木,title,1.05,inR6EAAAQBAJ,【閲覧注意】ネットの怖い話　クリーピーパスタ,ミスター クリーピーパスタ,,,早川書房,2022-07-20,172,Fiction,https://books.google.com/books/content?id=inR6EAAAQBAJ&printsec=frontcover&img=1&zoom=1&edge=curl&source=gbs_api,アメリカのネット怪談はこんなに怖い！5分でぞっとするショートストーリー集 ジェフ・ザ・キラーやスマイル・ドッグなどネット都市伝説から生まれたホラージャンル「クリーピーパスタ」。選りすぐりの15篇
B0798Q4DCD,電子書籍,ストーカー (ハヤカワ文庫SF),アルカジイ ストルガツキイ,title+author,1.2,_K9IDwAAQBAJ,ストーカー,アルカジイ ストルガツキイ / ボリス ストルガツキイ,,,早川書房,1983-02-14,164,Fiction,https://books.google.com/books/content?id=_K9IDwAAQBAJ&printsec=frontcover&img=1&zoom=1&edge=curl&source=gbs_api,
B09FXTPLQH,電子書籍,時間の王,宝樹,title,1.2,JEdCEAAAQBAJ,時間の王,宝樹,,,早川書房,2021-09-16,229,Fiction,https://books.google.com/books/content?id=JEdCEAAAQBAJ&printsec=frontcover&img=1&zoom=1&edge=curl&source=gbs_api,俺は時間の王だ――自分の人生のあらゆる時間を自由に通り抜けられる。些細な事故に遭ったせいで思い出した瞬間に戻ることができる能力を手に入れた主人公は、子供のころに会った少女の命を救おうとするのだが……。中国ＳＦの新星による７篇を収録した傑作集
B08NDV7SPQ,電子書籍,人工知能で10億ゲットする完全犯罪マニュアル (ハヤカワ文庫JA),竹田 人造,title,1.2,O34SzgEACAAJ,人工知能で10億ゲットする完全犯罪マニュアル,竹田人造,9784150314576,4150314578,,2020-11,398,,https://books.google.com/books/content?id=O34SzgEACAAJ&printsec=frontcover&img=1&zoom=1&source=gbs_api,首都圏ビッグデータ保安システム特別法が施行され、凶悪犯罪は激減―にもかかわらず、親の借金で臓器を売られる瀬戸際だった人工知能技術者の三ノ瀬。彼は人工知能の心を読み、認識を欺く技術―Adversarial Example―をフリーランス犯罪者の五嶋に見込まれ、自動運転現金輸送車の強奪に乗り出すが...。第8回ハヤカワSFコンテスト優秀賞受賞作。人生逆転&一攫千金!ギークなふたりのサイバー・ギャングSF。
B01LYMTJ0M,電子書籍,誰が音楽をタダにした？　巨大産業をぶっ潰した男たち (早川書房),スティーヴン ウィット,title,1.2,Txm0swEACAAJ,誰が音楽をタダにした? 巨大産業をぶっ潰した男たち,スティーヴンウィット,9784150505189,4150505187,,2018-03,384,,https://books.google.com/books/content?id=Txm0swEACAAJ&printsec=frontcover&img=1&zoom=1&source=gbs_api,CDからダウンロード販売、そして定額制ストリーミング配信へと、音楽の聴き方はこの20年で大きく変わった。mp3という革新的な音声圧縮技術の発明、海賊版音源をインターネット上に流すリーク集団の暗躍、レコード会社側の広告収入モデルへのシフト...音楽産業を「殺した」真犯人は、一体どこにいる?現在進行形の事象に綿密な取材とスリリングな筆致で迫り、絶賛を浴びたビジネス・ノンフィクション。
B07WKL2XGN,電子書籍,いざ、しゃべります。 (メディアワークス文庫),並木 飛暁,title,1.2,be-pDwAAQBAJ,いざ、しゃべります。,並木　飛暁,,,KADOKAWA,2019-08-24,164,Fiction,https://books.google.com/books/content?id=be-pDwAAQBAJ&printsec=frontcover&img=1&zoom=1&edge=curl&source=gbs_api,コミュ障で引きこもり、大学を留年してしまった「わたし」が、ひょんなことで出会った落研部員の西杜亭ビハインド。一度聞いたことはすべて覚えてしまうというわたしの能力を知ったビハインドに、無理矢理落研に入部させられて……。実は西杜大学落語研究会は廃部寸前。そんな落研に所属する、くせの強い先輩たちを通して、落語の面白さと何かに熱中することの楽しさを知るわたし。そしてついに、わたしは全国大会に出ることになり……。 「落語とは？自分らしさとは？そんな途方もない事と向き合った四年間は今思えば確かに青春だったのかもしれない。また落語したくなっちゃったなぁ。」と、漫才師まんじゅう大帝国も絶賛の、笑いと涙の感動グラフティー。
4863113412,本,SF作家の地球旅行記,柞刈湯葉,isbn,1.0,UpCFEAAAQBAJ,SF作家の地球旅行記,柞刈湯葉,9784863113411,4863113412,産業編集センター,2022-09-14,214,Literary Collections,https://books.google.com/books/content?id=UpCFEAAAQBAJ&printsec=frontcover&img=1&zoom=1&edge=curl&source=gbs_api,人気SF作家・柞刈湯葉、初旅行エッセイ。 首里城、筑波山、ウラジオストク、モンゴルの草原…… 何のために旅に出て、何を思い、何を目指すのか。SF作家の目を通して楽しむ新感覚旅行記。 2019～2021年note投稿作品を大幅に加筆・修正した海外編4柞＆国内編8柞、さらに［架空旅行記］として書き下ろし短編小説2作（月面編／日本領南樺太編）を加えた。 ──だいたい僕はどこへ行っても似たようなことをして、似たようなことを考えている。そこには環境によらない恒常的な自己同一性みたいなものがうっすらと見えてくる。（あとがき より）
B09NVJYF7L,電子書籍,「ぴえん」という病　ＳＮＳ世代の消費と承認,佐々木 チワワ,title,1.2,ZoHKzgEACAAJ,「ぴえん」という病 SNS世代の消費と承認,佐々木チワワ,9784594090265,4594090265,,2021-12-22,191,,https://books.google.com/books/content?id=ZoHKzgEACAAJ&printsec=frontcover&img=1&zoom=1&source=gbs_api,「ぴえん系女子」、「トー横キッズ」、「自殺カルチャー」、「SNS洗脳」...闇に落ちる未成年たち。
4344405137,本,リアル鬼ごっこ (幻冬舎文庫),山田悠介,isbn,1.0,FlG3AAAACAAJ,リアル鬼ごっこ,山田悠介,9784344405134,4344405137,,2004-04,310,,https://books.google.com/books/content?id=FlG3AAAACAAJ&printsec=frontcover&img=1&zoom=1&source=gbs_api,全国500万の「佐藤」姓を皆殺しにせよ!―西暦3000年、国王はある日突然、7日間にわたる大量虐殺を決行した。生き残りを誓う大学生・佐藤翼の眼前で殺されていく父や友。陸上選手の翼は、幼い頃に生き別れた妹を探し出すため死の競走路を疾走する。奇抜な発想とスピーディな展開が若い世代を熱狂させた大ベストセラーの改訂版。
B0BC98NQ1W,電子書籍,この部屋から東京タワーは永遠に見えない (集英社単行本),麻布競馬場,title,1.2,qJmFEAAAQBAJ,この部屋から東京タワーは永遠に見えない,麻布競馬場,,,集英社,2022-09-05,114,Fiction,https://books.google.com/books/content?id=qJmFEAAAQBAJ&printsec=frontcover&img=1&zoom=1&source=gbs_api,東京に来なかったほうが幸せだった？ Twitterで凄まじい反響を呼んだ、虚無と諦念のショートストーリー集。 「３年４組のみんな、高校卒業おめでとう。最後に先生から話をします。大型チェーン店と閉塞感のほかに何もない国道沿いのこの街を捨てて東京に出て、早稲田大学の教育学部からメーカーに入って、僻地の工場勤務でうつになって、かつて唾を吐きかけたこの街に逃げるように戻ってきた先生の、あまりに惨めな人生の話をします。」（「3年4組のみんなへ」より） 「『30までお互い独身だったら結婚しよｗ』。三田のさくら水産での何てことのない飲み会で彼が言ったその言葉は、勢いで入れたタトゥーみたいに、恥ずかしいことに今でも私の心にへばりついています。今日は、彼と、彼の奥さんと、二人の３歳の娘の新居である流山おおたかの森に向かっています。」（「30まで独身だったら結婚しよ」より） 「私、カッパ見たことあるんですよ。それも二回。本当ですよ。桃を持って橋を渡ると出るんです。地元で一回、あと麻布十番で。本当ですよ。川面から、顔をニュッと目のところまで突き出して、その目で、東京にしがみつくために嘘をつき、人を騙す私を、何も言わず、でも責めるようにじっと見るんですよ。」（「カッパを見たことがあるんです」より） 14万イイネに達したツイートの改題「３年４組のみんなへ」をはじめ、書き下ろしを含む20の「Twitter文学」を収録。 【推薦コメント】 面白すぎて嫉妬した。俺には絶対に書けない。 ――新庄耕さん（作家，『狭小邸宅』『地面師たち』）
4101216525,本,動物たちのまーまー (新潮文庫),一條次郎,isbn,1.0,3hVYzQEACAAJ,動物たちのまーまー,一條次郎,9784101216522,4101216525,,2020-03,336,,https://books.google.com/books/content?id=3hVYzQEACAAJ&printsec=frontcover&img=1&zoom=1&source=gbs_api,耳を澄ませ。何かが聞こえる―。テノリネコが膨らむ音が。徘徊するネコビトたちの呟きが。貝殻プールのラッコの水音が。盗んだトウモロコシをゆでる熊のご機嫌な鼻歌が。そして、吸血鬼の奏でる陽気なラグタイムピアノが...。混沌と不条理の中に、世界の裏側へと読者を誘う魅惑的な企みが潜む。デビュー作『レプリカたちの夜』で大ブレイクした鬼才による、異彩を放つ傑作オリジナル短篇集。
410124054X,本,風の海 迷宮の岸  十二国記 (新潮文庫),小野不由美,isbn,1.0,hVOaMwEACAAJ,風の海迷宮の岸十二国記,小野不由美,9784101240541,410124054X,,2012-10,400,,,
4396614373,本,ヘンな日本美術史,山口晃,isbn,1.0,xqSqNAEACAAJ,ヘンな日本美術史,山口晃,9784396614379,4396614373,,2012-10,252,"Painting, Japanese",https://books.google.com/books/content?id=xqSqNAEACAAJ&printsec=frontcover&img=1&zoom=1&source=gbs_api,自分が描いたということにこだわらなかった「鳥獣戯画」の作者たち。人も文字もデザイン化された白描画の快楽。「伝源頼朝像」を見た時のがっかり感の理由。終生「こけつまろびつ」の破綻ぶりで疾走した雪舟のすごさ。グーグルマップに負けない「洛中洛外図」の空間性。「彦根屏風」など、デッサンなんかクソくらえと云わんばかりのヘンな絵の数々。そして月岡芳年や川村清雄ら、西洋的写実を知ってしまった時代の日本人絵師たちの苦悩と試行錯誤...。絵描きの視点だからこそ見えてきた、まったく新しい日本美術史。
B094J4SV1T,電子書籍,あやしい遊園地　奇妙で愉快なショートショート集 (講談社文庫),江坂遊,title,1.2,CVgtEAAAQBAJ,あやしい遊園地　奇妙で愉快なショートショート集,江坂遊,,,講談社,1996-03-14,281,Fiction,https://books.google.com/books/content?id=CVgtEAAAQBAJ&printsec=frontcover&img=1&zoom=1&edge=curl&source=gbs_api,星新一氏絶賛！ 鬼才が放つベスト・コレクション。人生の喜怒哀楽を一瞬の技で描く怪作集。人生のスパイス、７０編！ ――平凡なサラリーマンのささやかな願いが、ふとしたきっかけで日常の亀裂に飲み込まれる恐怖を描く名作『地下鉄御堂筋線』をはじめ、ショートショート界の鬼才が放つ選りすぐりの怪作７０篇。一読、ほろ苦いユーモアに心くすぐられ、時に背筋がゾクッとする快感に酔うワンダーランド！
B009DEMC8W,電子書籍,一九八四年 (ハヤカワepi文庫),ジョージ・オーウェル,title,1.2,BQr7EQAAQBAJ,一九八四年,ジョージ・オーウェル,,,ＩＢＣパブリッシング,2017-06-01,98,Language Study,https://books.google.com/books/content?id=BQr7EQAAQBAJ&printsec=frontcover&img=1&zoom=1&edge=curl&source=gbs_api,第三次世界大戦後、かつて英国のロンドンと呼ばれた地域で、ウィンスントンは暮らしていた。個人のプライバシーが剥奪され、男女の性愛が罪とされ、子どもが親を通報することが奨励され、日記を書くことが死刑相当の思考犯罪となる社会で、彼は忠実に歴史の改ざん業務に励んでいたが、胸には反体制の思いを秘めていた。そのこと自体が、思想犯罪に該当していた。「英語で書かれた20世紀の小説ベスト100」「史上最高の文学100」に選ばれた、ディストピア (反ユートピア) 文学の最高傑作。今の時代を読み解く１つの手段として、世界で再注目される傑作小説をシンプルな英語で楽しもう。 ※書籍版にある巻末のワードリストは電子版には付属しません。
B0727N8Z8Q,電子書籍,さあ、気ちがいになりなさい (ハヤカワ文庫SF),フレドリック ブラウン,title,1.2,vDIivgAACAAJ,さあ、気ちがいになりなさい,フレドリックブラウン,9784150120979,4150120978,,2016-10,384,,https://books.google.com/books/content?id=vDIivgAACAAJ&printsec=frontcover&img=1&zoom=1&source=gbs_api,記憶喪失のふりをしていた男の意外な正体と驚異の顛末が衝撃的な表題作、遠い惑星に不時着した宇宙飛行士の真の望みを描く「みどりの星へ」、手品ショーで出会った少年と悪魔の身に起こる奇跡が世界を救う「おそるべき坊や」、ある事件を境に激変した世界の風景が静かな余韻を残す「電獣ヴァヴェリ」など、意外性と洒脱なオチを追求した奇想短篇の名手による傑作12篇を、ショートショートの神様・星新一の軽妙な訳で贈る。
B00NFHZL9K,電子書籍,宇宙の果てのレストラン 銀河ヒッチハイクガイドシリーズ (河出文庫),ダグラス・アダムス,title,0.811,grs_DwAAQBAJ,宇宙の果てのレストラン,ダグラス・アダムス / 安原和見,,,河出書房新社,2005-09-06,187,Fiction,https://books.google.com/books/content?id=grs_DwAAQBAJ&printsec=frontcover&img=1&zoom=1&edge=curl&source=gbs_api,小腹を満たしに、宇宙の果てのレストランへ行く途中、攻撃された“黄金の心”号。乗っていたアーサーたちは、離ればなれになってしまう。元・銀河大統領ゼイフォードと鬱型ロボットのマーヴィンが、とだりついた星で遭遇したのは!?宇宙を揺るがす迷真理を探る一行の、めちゃくちゃな冒険を描く、大傑作SFコメディ第2弾。
B01JYUTHX2,電子書籍,殺人出産 (講談社文庫),村田沙耶香,title,1.2,bB-IoAEACAAJ,殺人出産,村田沙耶香,9784062190466,406219046X,,2014-07-15,188,,https://books.google.com/books/content?id=bB-IoAEACAAJ&printsec=frontcover&img=1&zoom=1&source=gbs_api,「産み人」となり、10人産めば、1人殺してもいい―。そんな「殺人出産制度」が認められた世界では、「産み人」は命を作る尊い存在として崇められていた。育子の職場でも、またひとり「産み人」となり、人々の賞賛を浴びていた。素晴らしい行為をたたえながらも、どこか複雑な思いを抱く育子。それは、彼女が抱える、人には言えないある秘密のせいなのかもしれない...。三人での交際が流行する、奇妙な世界を描いた「トリプル」など、短篇3作も併録。普遍の価値観を揺さぶる挑戦的作品集。
B09MT5GQC4,電子書籍,暇と退屈の倫理学（新潮文庫）,國分功一郎,title,1.2,lAW9zgEACAAJ,暇と退屈の倫理学,國分功一郎,9784101035413,4101035415,,2021-12-23,508,,https://books.google.com/books/content?id=lAW9zgEACAAJ&printsec=frontcover&img=1&zoom=1&source=gbs_api,「暇」とは何か。人間はいつから「退屈」しているのだろうか。答えに辿り着けない人生の問いと対峙するとき、哲学は大きな助けとなる。著者の導きでスピノザ、ルソー、ニーチェ、ハイデッガーなど先人たちの叡智を読み解けば、知の樹海で思索する喜びを発見するだろう―現代の消費社会において気晴らしと退屈が抱える問題点を鋭く指摘したベストセラー、あとがきを加えて待望の文庫化。
B07QCNCKFB,電子書籍,世界のへんな肉（新潮文庫）,白石あづさ,title,1.2,LtKyDwAAQBAJ,世界のへんな肉（新潮文庫）,白石あづさ,,,新潮社,2019-05-01,218,Biography & Autobiography,https://books.google.com/books/content?id=LtKyDwAAQBAJ&printsec=frontcover&img=1&zoom=1&edge=curl&source=gbs_api,世界は広い。ところ変われば肉も変わる。訪れた国は100以上。日本では食べられない動物たちはどんな味？ イランの恋する女子大生が大好きなヒツジの脳みそ。グアテマラのアルマジロはコラーゲンたっぷりでお肌プルプル。スウェーデンではサンタの友達トナカイを食べちゃった！ 旅の楽しさは現地の食べものと人たちとの出会いにあり。ゆるかわなイラストと共に綴った、めくるめく肉紀行！（解説・丸山ゴンザレス）
4101240515,本,魔性の子 十二国記 (新潮文庫),小野不由美,isbn,1.0,e7rQMgEACAAJ,魔性の子十二国記,小野不由美,9784101240510,4101240515,,2012-07,0,"Animals, Mythical",https://books.google.com/books/content?id=e7rQMgEACAAJ&printsec=frontcover&img=1&zoom=1&source=gbs_api,累計750万部突破、20余年に亙り読み継がれてきた物語。新作を含むシリーズ完全版スタート!
B07D3JHD6K,電子書籍,吉祥寺の朝日奈くん (祥伝社文庫),中田永一,title,1.2,ZRkAcgAACAAJ,吉祥寺の朝日奈くん,中田永一,9784396633301,4396633300,,2009-12,312,,,
B00ASUXXHY,電子書籍,ボンボンと悪夢（新潮文庫）,星 新一,title,1.2,MbpaEAAAQBAJ,ボンボンと悪夢,星新一,,,新潮社,1974-11-01,210,Fiction,https://books.google.com/books/content?id=MbpaEAAAQBAJ&printsec=frontcover&img=1&zoom=1&edge=curl&source=gbs_api,ドイツの片田舎で買ったふしぎな魔力をもった椅子……。静かな雪の夜に、老夫婦のもとにあらわれた侵入者……。あくびの出るような平和な地球に、突如出現した、黄金色に輝く奇妙な物体……。宇宙に、未来に、平凡な日常生活の中に、ユニークな想像力と、シャープなインテリジェンスで描き出される、サスペンス、ミステリー、ユーモアあふれるショートショート36編を収録。
B0B6ZWW3W5,電子書籍,風が強く吹いている（新潮文庫）,三浦しをん,title,1.2,D_MrAQAAIAAJ,風が強く吹いている,三浦しをん,,,,2006-09-20,524,Marathon running,https://books.google.com/books/content?id=D_MrAQAAIAAJ&printsec=frontcover&img=1&zoom=1&source=gbs_api,箱根の山は蜃気楼ではない。襷をつないで上っていける、俺たちなら。才能に恵まれ、走ることを愛しながら走ることから見放されかけていた清瀬灰二と蔵原走。奇跡のような出会いから、二人は無謀にも陸上とかけ離れていた者と箱根駅伝に挑む。たった十人で。それぞれの「頂点」をめざして...。長距離を走る(=生きる)ために必要な真の「強さ」を謳いあげた書下ろし1200枚!超ストレートな青春小説。最強の直木賞受賞第一作。
B00MWV31OM,電子書籍,ヒキガエル君、カウンセリングを受けたまえ。,ロバート・デ・ボード,title,1.2,5WtUBAAAQBAJ,ヒキガエル君、カウンセリングを受けたまえ。,ロバート・デ・ボード,,,CＥメディアハウス,2014-08-28,130,Psychology,https://books.google.com/books/content?id=5WtUBAAAQBAJ&printsec=frontcover&img=1&zoom=1&edge=curl&source=gbs_api,英国で子ども向けの古典としてなじみのある物語『The Wind in the Willows（邦訳『たのしい川べ』岩波少年文庫、石井桃子訳）』を下敷きとしたストーリー仕立て。わがままで好奇心旺盛なヒキガエルがすっかり落ち込んでしまい、仲間のモグラ、ネズミ、アナグマが、彼にアオサギのカウンセリングを受けさせる。10回にわたるセッションで、ヒキガエルはどう変わっていくのか——読者は物語を楽しみながら、「カウンセリング」についての理解を深めることができる。読んで楽しいカウンセリング入門。
4101240558,本,東の海神 西の滄海  十二国記 (新潮文庫),小野不由美,isbn,1.0,aUWxkwEACAAJ,東の海神西の滄海 十二国記,小野不由美,9784101240558,4101240558,,2013,0,"Animals, Mythical",https://books.google.com/books/content?id=aUWxkwEACAAJ&printsec=frontcover&img=1&zoom=1&source=gbs_api,延王尚隆と延麒六太が誓約を交わし、雁国に新王が即位して二十年。先王の圧政で荒廃した国は平穏を取り戻しつつある。そんな折、尚隆の政策に異を唱える者が、六太を拉致し謀反を起こす。望みは国家の平和か玉座の簒奪か―二人の男の理想は、はたしてどちらが民を安寧に導くのか。そして、血の穢れを忌み嫌う麒麟を巻き込んた争乱の行方は。
B0BMV9FZ4M,電子書籍,キリンに雷が落ちてどうする 少し考える日々 (コルク),品田遊,title,1.2,nKacEAAAQBAJ,キリンに雷が落ちてどうする 少し考える日々,品田遊,,,コルク,,189,Biography & Autobiography,https://books.google.com/books/content?id=nKacEAAAQBAJ&printsec=frontcover&img=1&zoom=1&edge=curl&source=gbs_api,ダ・ヴィンチ・恐山こと品田遊の1500字×1642日の思考の記録、書籍化!!!!!!!! エッセイから小説まで、作家・品田遊の脳内を覗く超贅沢な一冊！ ダ・ヴィンチ・恐山こと作家・品田遊が、２０１８年から毎日欠かさず投稿を続ける日記「ウロマガ」（居酒屋のウーロン茶マガジン）。1642日分の投稿から厳選した記事を全文加筆修正、再構成して、エッセイからコラム、小説まで品田遊の鮮やかな表現をたっぷり味わえる超贅沢な一冊が出来上がりました！ １ページ目から読み進めるも良し、気になる見出しを読むも良し、たまたま開いたページを読むも良しの、読みどころがぎっしり詰まった３２８ページ。 ――― 記憶 日記を毎日書くようになってから月日が経つのが明らかに早くなった。 というより、過去が近くなった、と言うべきか。できごとを細かく記録することによって、去年の出来事でも日記をたよりに「ああ、あったな」と具体的に思い出せるようになった。 ３年前の日記と３ヶ月前の日記に質的な違いをあまり感じない。過去の「遠さ」は内容の曖昧さに由来するのか。 私は記憶を距離的にとらえているのかもしれない。みんなもそうだろうか。現在の記憶が近くに、過去の記憶が遠くに並んでいるようなイメージだ。完璧な記憶能力の持ち主にとって、５年前と３日前にどれほどの違いがあるのだろう？ 内容の鮮明さに違いがないとすれば、そこには単に時間的な前後関係の違いしかない、といえるはずだ。そういう人たちにとっての過去の日々は、本棚に並ぶ背表紙のようなものなのだろうか。いや、整列している必要もなく、ただ個別の本が一冊ずつ散らばっていてもいいのだ。 （本文 「記憶」より） ―――
B0BH918CGW,電子書籍,君のクイズ,小川　哲,title,1.2,BQJgzwEACAAJ,君のクイズ,小川哲,9784022518378,4022518375,,2022-10-07,0,,https://books.google.com/books/content?id=BQJgzwEACAAJ&printsec=frontcover&img=1&zoom=1&source=gbs_api,面白すぎる!! 驚くべき謎を解くミステリーとしても最高だし、こんなに興奮する小説に出会ったのも久しぶり。頼まれてもいないのに「推薦コメントを書かせて!」とお願いしてしまいました。小川哲さん、ほんとすごいな。 ――伊坂幸太郎氏 一度本を開いたらもう終わりだ。面白すぎてそのまま読み切ってしまった。 熱くて、ワクワクして、予想もつかない感動が襲ってくる。 ミステリーでも、バトルものでも、人生ドラマでもある。 でもそれだけじゃない。ジャンルはたぶん「面白い小説」だ。 ――佐久間宣行氏 * * * * 『ゲームの王国』『嘘と正典』『地図と拳』。一作ごとに現代小説の到達点を更新し続ける著者の才気がほとばしる、唯一無二のが誕生しました。雑誌掲載時から共同通信や図書新聞の文芸時評等に取り上げられ、またSNSでも盛り上がりを見せる、話題沸騰の一冊です! ストーリー:生放送のTV番組『Q-1グランプリ』決勝戦に出場したクイズプレーヤーの三島玲央は、対戦相手・本庄絆が、まだ一文字も問題が読まれぬうちに回答し正解し、優勝を果たすという不可解な事態をいぶかしむ。いったい彼はなぜ、正答できたのか? 真相を解明しようと彼について調べ、決勝戦を1問ずつ振り返る三島はやがて、自らの記憶も掘り起こしていくことになり――。 読めば、クイズプレーヤーの思考と世界がまるごと体験できる。人生のある瞬間が鮮やかによみがえる。そして読後、あなたの「知る」は更新される! 「不可能犯罪」を解く一気読み必至の卓抜したミステリーにして、エモーショナルなのに知的興奮に満ちた超エンターテインメント!
B09HH2H3DC,電子書籍,一汁一菜でよいという提案（新潮文庫）,土井善晴,title,1.2,DQhIEAAAQBAJ,一汁一菜でよいという提案（新潮文庫）,土井善晴,,,新潮社,2021-10-28,164,Cooking,https://books.google.com/books/content?id=DQhIEAAAQBAJ&printsec=frontcover&img=1&zoom=1&edge=curl&source=gbs_api,日常の食事は、ご飯と具だくさんの味噌汁で充分。あれば漬物を添えましょう。無理のない生活のリズムを作り、心身ともに健康であるために「一汁一菜」という生き方をはじめてみませんか――。料理研究家・土井善晴による根源的かつ画期的な提言は、家庭料理に革命をもたらした。一汁一菜の実践法を紹介しながら、食文化の変遷、日本人の心について考察する。著者撮影の食卓風景も数多く掲載。（解説・養老孟司）
B09J8792VL,電子書籍,物理学者、ＳＦ映画にハマる～「時間」と「宇宙」を巡る考察～ (光文社新書),高水 裕一,title,1.2,0iqqzgEACAAJ,物理学者、SF映画にハマる 「時間」と「宇宙」を巡る考察,高水裕一,9784334045715,4334045715,,2021-10-30,213,,https://books.google.com/books/content?id=0iqqzgEACAAJ&printsec=frontcover&img=1&zoom=1&source=gbs_api,
B09BZGJ41V,電子書籍,ただしい人類滅亡計画 反出生主義をめぐる物語 (コルク),品田遊,title,1.2,Dco7EAAAQBAJ,ただしい人類滅亡計画 反出生主義をめぐる物語,品田遊 / コルシカ,,,コルク,,138,Fiction,https://books.google.com/books/content?id=Dco7EAAAQBAJ&printsec=frontcover&img=1&zoom=1&edge=curl&source=gbs_api,〈世界人口78億人突破! 〉 どう滅ぼすか、みんなで一緒に考えよう!!!!!! ダ・ヴィンチ・恐山、小説家として待望の帰還!! 突如降誕した魔王と、集められた10人の人間たち。 読む者の“道徳”を揺さぶる、話し合いの幕が開く。 【あらすじ】 全能の魔王が現れ、10人の人間に「人類を滅ぼすか否か」の議論を強要する。結論が“理”を伴う場合、それが実現されるという。人類存続が前提になると思いきや、1人が「人類は滅亡すべきだ」と主張しはじめ……!?
B09LV3Q7YJ,電子書籍,現代倫理学入門 (講談社学術文庫),加藤尚武,title,1.2,zIFOEAAAQBAJ,現代倫理学入門,加藤尚武,,,講談社,1997-02-07,135,Philosophy,https://books.google.com/books/content?id=zIFOEAAAQBAJ&printsec=frontcover&img=1&zoom=1&edge=curl&source=gbs_api,私はこの本で、現代の倫理学で議論される原理的な問題と応用倫理学で取り扱われる内容を、明確に描き出したい。それには日常生活で出会う倫理問題を考えることが、現代倫理学の中心問題を理解する早道だと思う。難しい術語や学説の違いを知るより、現代の倫理学者達の議論の中身に入ってもらいたいという気持ちで書いた。何よりもまず、読み物として面白く通読できるよう心がけた。（「あとがき」より）
B073DYQNC9,電子書籍,料理の四面体 (中公文庫),玉村豊男,title,1.2,iyLUPQAACAAJ,料理の四面体 東西美味発見法,玉村豊男,9784877380649,4877380647,,1999-04-15,229,,https://books.google.com/books/content?id=iyLUPQAACAAJ&printsec=frontcover&img=1&zoom=1&source=gbs_api,さまざまな料理のうちにひそむ一般的原理を解き明かした、玉村豊男の会心作。「干物は太陽で焼くロースト料理」「ステーキはサラダである」など、仰天のおもしろ理論を展開して注目を浴びた快著のオリジナル復刻版。
B06XTB7LZ1,電子書籍,セガvs.任天堂　ゲームの未来を変えた覇権戦争（上） (早川書房),ブレイク Ｊ ハリス,title,1.2,jjV2DgAAQBAJ,セガvs.任天堂　ゲームの未来を変えた覇権戦争（上）,ブレイク Ｊ ハリス,,,早川書房,2017-03-25,289,Games & Activities,https://books.google.com/books/content?id=jjV2DgAAQBAJ&printsec=frontcover&img=1&zoom=1&edge=curl&source=gbs_api,
4087474399,本,白夜行 (集英社文庫),東野圭吾,isbn,1.0,jQnsAAAAMAAJ,白夜行,東野圭吾,9784087474398,,,2002-05,978,Detective and mystery stories,https://books.google.com/books/content?id=jQnsAAAAMAAJ&printsec=frontcover&img=1&zoom=1&source=gbs_api,1973年、大阪の廃墟ビルで一人の質屋が殺された。容疑者は次々に浮かぶが、結局、事件は迷宮入りする。被害者の息子・桐原亮司と、「容疑者」の娘・西本雪穂―暗い眼をした少年と、並外れて美しい少女は、その後、全く別々の道を歩んで行く。二人の周囲に見え隠れする、幾つもの恐るべき犯罪。だが、何も「証拠」はない。そして十九年...。息詰まる精緻な構成と、叙事詩的スケール。心を失った人間の悲劇を描く、傑作ミステリー長篇。
B073S4BSRG,電子書籍,リラとわたし　ナポリの物語1 (早川書房),エレナ フェッランテ,title,1.2,yW4rDwAAQBAJ,リラとわたし　ナポリの物語1,エレナ フェッランテ,,,早川書房,2017-07-15,303,Fiction,https://books.google.com/books/content?id=yW4rDwAAQBAJ&printsec=frontcover&img=1&zoom=1&edge=curl&source=gbs_api,真面目なエレナと、天才的な頭脳を持つ反逆児リラ。十歳で出会った少女ふたりは、ときに頼りあい、ときに反発しあいながらも、変わりゆく一九五〇年代のイタリア、ナポリで成長していく。多数の有名作家・書評家を熱狂させた波瀾万丈な友情の物語、ついに開幕
4150314543,本,万博聖戦 (ハヤカワ文庫JA),牧野修,isbn,1.0,g8r5zQEACAAJ,万博聖戦,牧野修,9784150314545,4150314543,,2020-11,576,,https://books.google.com/books/content?id=g8r5zQEACAAJ&printsec=frontcover&img=1&zoom=1&source=gbs_api,中学の同級生である森贄人と御厨悟と波津乃未明は気づいてしまった。子供こそが本来の人類であり、侵略者である大人からの支配に抗って、ずっと知られざる戦いを繰りひろげてきていたのだ。そして1970年の大阪万博会場で、三人を巻き込んで子供と大人は激突する!お互いのユートピアを懸けた子供と大人の戦いに翻弄されながら、それぞれの宿命に立ち向かった少年たちの思春期が人類の未来へと繋がる奇跡を記した黙示録。
B08VWBX3G7,電子書籍,テスカトリポカ (角川書店単行本),佐藤 究,title,1.2,Xf0KEQAAQBAJ,テスカトリポカ,佐藤　究,,,KADOKAWA,2024-06-13,429,Fiction,https://books.google.com/books/content?id=Xf0KEQAAQBAJ&printsec=frontcover&img=1&zoom=1&edge=curl&source=gbs_api,心臓を鷲掴みにされ、魂ごと持っていかれる究極のクライムノベル！ メキシコで麻薬密売組織の抗争があり、組織を牛耳るカサソラ四兄弟のうち三人は殺された。生き残った三男のバルミロは、追手から逃れて海を渡りインドネシアのジャカルタに潜伏、その地の裏社会で麻薬により身を持ち崩した日本人医師・末永と出会う。バルミロと末永は日本に渡り、川崎でならず者たちを集めて「心臓密売」ビジネスを立ち上げる。一方、麻薬組織から逃れて日本にやってきたメキシコ人の母と日本人の父の間に生まれた少年コシモは公的な教育をほとんど受けないまま育ち、重大事件を起こして少年院へと送られる。やがて、アステカの神々に導かれるように、バルミロとコシモは邂逅する。
B01DLJXCGU,電子書籍,俺たち!!きゅぴきゅぴ▼Qピッツ!! (電撃文庫),涙爽 創太,title,1.2,PCJ9DwAAQBAJ,俺たち!!きゅぴきゅぴ▼Qピッツ!!,涙爽　創太,,,KADOKAWA,2016-03-10,211,Young Adult Fiction,https://books.google.com/books/content?id=PCJ9DwAAQBAJ&printsec=frontcover&img=1&zoom=1&source=gbs_api,高校生活の中で最も重要なイベント。それは「恋愛」。しかし、そのうち約99％は、相手に想いを告げることなく終焉を迎えてしまう。そんな隠された恋心、告げられぬ想いを捜査し、解決に導く集団がいた。それが、恋愛警察。通称『Ｑピッツ』。彼ら恋愛警察の管轄（？）は、私立恋文字学園。学内で恋に悩む生徒を見つけたら『Ｑピッツ』の緊急出動！ 恋愛刑事（生徒）たちは恋のキューピッドとなるべく、日々、目を光らせているのだ（余計なお世話）。ボス、パパイヤ刑事、ファッション刑事、バリトン刑事といった、個性豊かでハタ迷惑な『Ｑピッツ』メンバーは、みんなの恋を応援している！（ほっといてほしい……） （※『Ｑピッツ』の恋愛刑事の中には美少女もいますが、口髭のムサ苦しい中年教師も一人いて、しかも大活躍します。どうか、ご注意のうえ、お読みください）
4101250316,本,首折り男のための協奏曲 (新潮文庫),伊坂幸太郎,isbn,1.0,t8YDMQAACAAJ,首折り男のための協奏曲,伊坂幸太郎,9784101250311,4101250316,,2016-11,448,,https://books.google.com/books/content?id=t8YDMQAACAAJ&printsec=frontcover&img=1&zoom=1&source=gbs_api,被害者は一瞬で首を捻られ、殺された。殺し屋の名は、首折り男。彼を巡り、合コン、いじめ、濡れ衣......様々な物語が絡み合う!
B0BL7BB8T7,電子書籍,シュレーディンガーの少女 (創元SF文庫),松崎 有理,title,1.2,lW-fEAAAQBAJ,シュレーディンガーの少女,松崎有理,9784488745028,4488745024,東京創元社,2022-12-09,236,Fiction,https://books.google.com/books/content?id=lW-fEAAAQBAJ&printsec=frontcover&img=1&zoom=1&edge=curl&source=gbs_api,数学の使用が禁じられた世界 “Zウイルス”によるパンデミックが起きた渋谷の街 秋刀魚がいなくなってしまった未来の食卓 さまざまなディストピア世界を生き延びる、 パワフルで勇敢な女性たちの物語 BMIを理由に会社を解雇された主人公の元に、政府からダイエット企画の参加者に選ばれたという通知が届く。それは“敗者は死なねばならない”というルールのデスゲームだった（「太っていたらだめですか？」）。すべての人は例外なく、65歳の誕生日を迎える前後で死ぬ。64歳になった紫は、人生の目標をほぼ達成していたが、スリの子どもから被害に遭いかけ、追いかけていったすえにその子を手元に引き取ることに……（「六十五歳デス」）。さまざまなディストピア世界を生きのびる、パワフルで勇敢な女性たちの物語。あとがきに自作解説を含む。 【目次】 六十五歳デス 太っていたらだめですか？ 異世界数学 秋刀魚、苦いかしょっぱいか ペンローズの乙女 シュレーディンガーの少女 著者あとがき
B09XV2FSG7,電子書籍,法治の獣 (ハヤカワ文庫JA),春暮 康一,title,1.2,8lVqEAAAQBAJ,法治の獣,春暮 康一,,,早川書房,2022-04-20,187,Fiction,https://books.google.com/books/content?id=8lVqEAAAQBAJ&printsec=frontcover&img=1&zoom=1&edge=curl&source=gbs_api,あたかも罪と罰の概念をもつかのように振る舞う異星の草食獣シエジーたちの衝撃的な秘密を描く表題作を含む、宇宙ＳＦ中短篇３作
457551344X,本,告白 (双葉文庫),湊かなえ,isbn,1.0,sCfrRgAACAAJ,告白,湊かなえ,9784575513448,457551344X,Bright Sparks,2010-04,0,Confession,https://books.google.com/books/content?id=sCfrRgAACAAJ&printsec=frontcover&img=1&zoom=1&source=gbs_api,「愛美は死にました。しかし事故ではありません。このクラスの生徒に殺されたのです」我が子を校内で亡くした中学校の女性教師によるホームルームでの告白から、この物語は始まる。語り手が「級友」「犯人」「犯人の家族」と次々と変わり、次第に事件の全体像が浮き彫りにされていく。衝撃的なラストを巡り物議を醸した、デビュー作にして、第6回本屋大賞受賞のベストセラーが遂に文庫化!“特別収録”中島哲也監督インタビュー『「告白」映画化によせて』。
4101250332,本,クジラアタマの王様 (新潮文庫),伊坂幸太郎,isbn,1.0,tRUtzwEACAAJ,クジラアタマの王様,伊坂幸太郎,9784101250335,4101250332,,2022-06-27,464,,https://books.google.com/books/content?id=tRUtzwEACAAJ&printsec=frontcover&img=1&zoom=1&source=gbs_api,記憶の片隅に残る、しかし、覚えていない「夢」。自分は何かと戦っている? ――製菓会社の広報部署で働く岸は、商品への異物混入問い合わせを先輩から引き継いだことを皮切りに様々なトラブルに見舞われる。悪意、非難、罵倒。感情をぶつけられ、疲れ果てる岸だったが、とある議員の登場で状況が変わる。そして、そこには思いもよらぬ「繫がり」があり......。伊坂マジック、鮮やかなる新境地。
4904292774,本,玄関の覗き穴から差してくる光のように生まれたはずだ,木下龍也,isbn,1.0,RV5-swEACAAJ,玄関の覗き穴から差してくる光のように生まれたはずだ,木下龍也 / 岡野大嗣,9784904292778,4904292774,,2018-01-07,0,,https://books.google.com/books/content?id=RV5-swEACAAJ&printsec=frontcover&img=1&zoom=1&source=gbs_api,男子高校生ふたりの七日間をふたりの歌人が短歌で描いた物語、二一七首のミステリー。最注目の新世代歌人、初の共著。
B09RZXVV5D,電子書籍,言語が違えば、世界も違って見えるわけ (ハヤカワ文庫NF),ガイ ドイッチャー,title,1.2,zCxdEAAAQBAJ,言語が違えば、世界も違って見えるわけ,ガイ ドイッチャー,,,早川書房,2022-02-16,246,Language Arts & Disciplines,https://books.google.com/books/content?id=zCxdEAAAQBAJ&printsec=frontcover&img=1&zoom=1&edge=curl&source=gbs_api,古代ギリシャ人は世界がモノクロに見えていた？ 母語が違えば思考も違う？ 言語と認知をめぐる壮大な謎に挑む、知的興奮の書！
B009GPM8QO,電子書籍,砂糖菓子の弾丸は撃ちぬけない　Ａ　Ｌｏｌｌｙｐｏｐ　ｏｒ　Ａ　Ｂｕｌｌｅｔ (角川文庫),桜庭 一樹,title,1.15,8G9Rj1utNpEC,砂糖菓子の弾丸は撃ちぬけない　Ａ　Ｌｏｌｌｙｐｏｐ　ｏｒ　Ａ　Ｂｕｌｌｅｔ,桜庭　一樹,,,KADOKAWA,2004-11,127,Literary Collections,https://books.google.com/books/content?id=8G9Rj1utNpEC&printsec=frontcover&img=1&zoom=1&edge=curl&source=gbs_api,その日、兄とあたしは、必死に山を登っていた。見つけたくない「あるもの」を見つけてしまうために。あたし＝中学生の山田なぎさは、子供という境遇に絶望し、一刻も早く社会に出て、お金という“実弾”を手にするべく、自衛官を志望していた。そんななぎさに、都会からの転校生、海野藻屑は何かと絡んでくる。嘘つきで残酷だが、どこか魅力的な藻屑となぎさは徐々に親しくなっていく。だが、藻屑は日夜、父からの暴力に曝されており、ある日――直木賞作家がおくる、切実な痛みに満ちた青春文学。
B09X5HMG41,電子書籍,映画を早送りで観る人たち～ファスト映画・ネタバレ――コンテンツ消費の現在形～ (光文社新書),稲田 豊史,title,1.2,AW77zgEACAAJ,映画を早送りで観る人たち ファスト映画・ネタバレ――コンテンツ消費の現在形,稲田豊史,9784334046002,4334046002,,2022-04,304,,https://books.google.com/books/content?id=AW77zgEACAAJ&printsec=frontcover&img=1&zoom=1&source=gbs_api,なぜ映画や映像を早送り再生しながら観る人がいるのか―。なんのために?それで作品を味わったといえるのか?著者の大きな違和感と疑問から始まった取材は、やがてそうせざるを得ない切実さがこの社会を覆っているという事実に突き当たる。一体何がそうした視聴スタイルを生んだのか?いま映像や出版コンテンツはどのように受容されているのか?あまりに巨大すぎる消費社会の実態をあぶり出す意欲作。
410101762X,本,はるか (新潮文庫),宿野かほる,isbn,1.0,KbuazgEACAAJ,はるか,宿野かほる,9784101017624,410101762X,,2021-09-29,272,,https://books.google.com/books/content?id=KbuazgEACAAJ&printsec=frontcover&img=1&zoom=1&source=gbs_api,賢人は小さな頃、海岸で一人の少女と出会い恋に落ちる。彼女の名は、はるか。大人になり偶然再会した二人は結婚するが、幸せな生活は突如終わりを告げた。それから月日は経ち、賢人は人工知能の研究者として画期的なAIを発明。「HAL‐CA」と名付けられたそのAIは、世界を一新する可能性を秘めていた――。『ルビンの壺が割れた』で大反響を呼んだ著者による、更なる衝撃が待つ第二作。
B01914HRWE,電子書籍,紫色のクオリア (電撃文庫),うえお 久光,title,1.2,Cih9DwAAQBAJ,紫色のクオリア,うえお　久光,,,KADOKAWA,2009-07-10,220,Young Adult Fiction,https://books.google.com/books/content?id=Cih9DwAAQBAJ&printsec=frontcover&img=1&zoom=1&source=gbs_api,自分以外の人間が“ロボット”に見えるという紫色の瞳を持った中学生・毬井ゆかり。 クラスでは天然系（？）少女としてマスコット的扱いを受けるゆかりだが、しかし彼女の周囲では、確かに奇妙な出来事が起こっている……ような？ イラストは『JINKI』シリーズの綱島志朗が担当。「電撃文庫MAGAZINE増刊」で好評を博したコラボレーション小説が、書き下ろしを加え待望の文庫化！ 巻末には描き下ろし四コマのほか、設定資料も収録!!
B0BYDGH5K4,電子書籍,本当に欲しかったものは、もう　Twitter文学アンソロジー (集英社単行本),麻布競馬場,title,1.2,FoqzEAAAQBAJ,本当に欲しかったものは、もう　Twitter文学アンソロジー,麻布競馬場 / 新庄耕 / 外山薫 / 木爾チレン / 山下素童 / 霞が関バイオレット / かとうゆうか / ｐｈｏ / 豊洲銀行網走支店 / 窓際三等兵,,,集英社,2023-04-05,105,Fiction,https://books.google.com/books/content?id=FoqzEAAAQBAJ&printsec=frontcover&img=1&zoom=1&source=gbs_api,五分後に、虚しい人生。 空虚なスキマ時間に読み切れる、22の傑作ショートショート。 「『夏休み、パパが東京にミュウの配布会連れてってくれるって！』『いいな！ てかポケモン青、いつ届くんだろ』。チャイムの音と共に騒がしくなる教室で、目を輝かせる友人達。小学校の話題の中心はいつもポケモンだった。僕は一人、いつも下を向いていた。ウチにはゲームボーイも、スーファミもなかった。」（窓際三等兵「本当に欲しかったものは、もう」より） 「ＰＲだらけになったこのアカウントに生き残ってくれた88967人のフォロワー様へ。私が某恋愛番組に出演して最後の一人に選ばれてからもう五年が経ちました。今まで自撮りやポエムにいいねをつけてくれてありがとう。このアカウントは明日削除します。最後にずっと言えなかった私の正直な思いを綴ります。」（木爾チレン「88967人のフォロワー様へ」より） 「昔むかし、港区にアリとキリギリスが暮らしておりました。アリは桜蔭から東大落ち、キリギリスは広島あたりの女子高から指定校推薦で、それぞれ慶應の法学部政治学科に同期入学しました。アリは律法会でチー牛たちと真面目に学び、キリギリスはチャラサーとして有名なテニサーで楽しく遊んで暮らしていました。」（麻布競馬場「Twitter童話 アリとキリギリス」より） 【著者】（五十音順） 麻布競馬場 @63cities 霞が関バイオレット @NEOKASUMI_No1 かとうゆうか @plasticat_y 木爾チレン @1000ve 新庄耕 @shinjo_kou 外山薫 @kaoruroman 豊洲銀行 網走支店 @toyosubk88 pho @ohp_pho 窓際三等兵 @nekogal21 山下素童 @sirotodotei
4591175065,本,ライオンのおやつ (ポプラ文庫 日本文学 455),小川糸,isbn,1.0,UNVdzwEACAAJ,ライオンのおやつ,小川糸,9784591175064,4591175065,,2022-10,0,,https://books.google.com/books/content?id=UNVdzwEACAAJ&printsec=frontcover&img=1&zoom=1&source=gbs_api,人生の最後に食べたいおやつは何ですか――余命を知った主人公は、島のホスピスを選ぶ。食べること、生きることを描き出す感動作
B0BPS88B26,電子書籍,母という呪縛　娘という牢獄,齊藤彩,title,1.2,bRChEAAAQBAJ,母という呪縛　娘という牢獄,齊藤彩,,,講談社,2022-12-16,170,Social Science,https://books.google.com/books/content?id=bRChEAAAQBAJ&printsec=frontcover&img=1&zoom=1&edge=curl&source=gbs_api,深夜３時42分。母を殺した娘は、ツイッターに、 「モンスターを倒した。これで一安心だ。」 と投稿した。18文字の投稿は、その意味するところを誰にも悟られないまま、放置されていた。 ２０１８年３月10日、土曜日の昼下がり。 滋賀県、琵琶湖の南側の野洲川南流河川敷で、両手、両足、頭部のない、体幹部だけの人の遺体が発見された。遺体は激しく腐敗して悪臭を放っており、多数のトンビが群がっているところを、通りかかった住民が目に止めたのである。 滋賀県警守山署が身元の特定にあたったが、遺体の損傷が激しく、捜査は難航した。 周辺の聞き込みを進めるうち、最近になってその姿が見えなくなっている女性がいることが判明し、家族とのＤＮＡ鑑定から、ようやく身元が判明した――。 髙崎妙子、58歳。 遺体が発見された河川敷から徒歩数分の一軒家に暮らす女性だった。夫とは20年以上前に別居し、長年にわたって31歳の娘・あかりと二人暮らしだった。 さらに異様なことも判明した。 娘のあかりは幼少期から学業優秀で中高一貫の進学校に通っていたが、母・妙子に超難関の国立大医学部への進学を強要され、なんと９年にわたって浪人生活を送っていたのだ。 結局あかりは医学部には合格せず、看護学科に進学し、４月から看護師となっていた。母・妙子の姿は１月ころから近隣のスーパーやクリーニング店でも目撃されなくなり、あかりは「母は別のところにいます」などと不審な供述をしていた。 ６月５日、守山署はあかりを死体遺棄容疑で逮捕する。その後、死体損壊、さらに殺人容疑で逮捕・起訴に踏み切った。 一審の大津地裁ではあくまで殺人を否認していたあかりだが、二審の大阪高裁に陳述書を提出し、一転して自らの犯行を認める。 母と娘――20代中盤まで、風呂にも一緒に入るほど濃密な関係だった二人の間に、何があったのか。 公判を取材しつづけた女性記者が、拘置所のあかりと面会を重ね、刑務所移送後も膨大な量の往復書簡を交わすことによって紡ぎだす真実の物語。 獄中であかりは、長年別居していた父の手厚いサポートを受け、多くの「母」や同囚との対話を重ねた。そのことが、あかりに多くの気づきをもたらした。 一審で無表情のまま尋問を受けたあかりは、二審の被告人尋問で、こらえきれず大粒の涙をこぼした――。 気鋭の女性記者が、殺人事件の背景にある母娘の相克に迫った第一級のノンフィクション。
B09R7FWYL5,電子書籍,異常【アノマリー】,エルヴェ ル テリエ,title+author,1.2,JFfUzgEACAAJ,異常【アノマリー】,エルヴェ・ル・テリエ,9784152100795,4152100796,,2022-02-02,424,,https://books.google.com/books/content?id=JFfUzgEACAAJ&printsec=frontcover&img=1&zoom=1&source=gbs_api,ゴンクール賞受賞、110万部突破! 一機の飛行機が巨大な嵐に遭遇したその日、世界は変わった。人々は本当の自分を突きつけられる
4065281490,本,汝、星のごとく,凪良ゆう,isbn,1.0,MpJZdYm77nEC,汝、星のごとく,凪良ゆう,9784065281499,,Kodansha,2022-08,364,Fiction,https://books.google.com/books/content?id=MpJZdYm77nEC&printsec=frontcover&img=1&zoom=1&source=gbs_api,『流浪の月』で本屋大賞を受賞した著者が二年ぶりに放つ、胸を打つ愛の物語。第168回直木賞候補作。
B0BVQPM3Y7,電子書籍,ガーンズバック変換,陸 秋槎,title,1.2,4LKtEAAAQBAJ,ガーンズバック変換,陸 秋槎,,,早川書房,2023-02-21,178,Fiction,https://books.google.com/books/content?id=4LKtEAAAQBAJ&printsec=frontcover&img=1&zoom=1&edge=curl&source=gbs_api,ネットへの視覚的なアクセスを遮断する規制が敷かれた香川県からやってきた女子高生の大阪観光サイバーパンクの表題作、百合ＳＦアンソロジーや『異常論文』へ書き下ろしとして発表された短篇群など、『元年春之祭』著者による知性と感情を揺さぶる小説全８篇
4750517674,本,わたしは「ひとり新聞社」 岩手県大槌町で生き、考え、伝える,菊池由貴子,isbn,1.0,hChazwEACAAJ,わたしは「ひとり新聞社」 岩手県大槌町で生き、考え、伝える,菊池由貴子,9784750517674,4750517674,,2022-09,0,,https://books.google.com/books/content?id=hChazwEACAAJ&printsec=frontcover&img=1&zoom=1&source=gbs_api,自分が生まれ育った町に何の関心も持たず、文章もろくに書いたことがない引っ込み思案な「わたし」。震災を機に踏み出した、町と自身の再生への道のり...。被災地復興の光と影、真のメディアとジャーナリズムのあり方を忖度なくあぶり出した、自伝的ノンフィクション。
B00WWQPBB8,電子書籍,アルジャーノンに花束を〔新版〕,ダニエル キイス,title,1.033,ViEzrgEACAAJ,アルジャーノンに花束を,ダニエルキイス,9784150413330,4150413339,,2015-03-15,462,,https://books.google.com/books/content?id=ViEzrgEACAAJ&printsec=frontcover&img=1&zoom=1&source=gbs_api,32歳になっても幼児なみの知能しかないチャーリイ・ゴードン。そんな彼に夢のような話が舞いこんだ。大学の先生が頭をよくしてくれるというのだ。これにとびついた彼は、白ネズミのアルジャーノンを競争相手に検査を受ける。やがて手術によりチャーリイの知能は向上していく...天才に変貌した青年が愛や憎しみ、喜びや孤独を通して知る人の心の真実とは?全世界が涙した不朽の名作。著者追悼の訳者あとがきを付した新版。
B00ASUXY96,電子書籍,悪魔のいる天国（新潮文庫）,星 新一,title,1.2,ULD5zQEACAAJ,悪魔のいる天国,星新一,,,,1975,267,,,
B086KQNW72,電子書籍,たゆたえども沈まず (幻冬舎文庫),原田マハ,title,1.2,KDzutAEACAAJ,たゆたえども沈まず,原田マハ,9784344031944,4344031946,,2017-10,408,,https://books.google.com/books/content?id=KDzutAEACAAJ&printsec=frontcover&img=1&zoom=1&source=gbs_api,19世紀末、パリ。浮世絵を引っさげて世界に挑んだ画商の林忠正と助手の重吉。日本に憧れ、自分だけの表現を追い求めるゴッホと、孤高の画家たる兄を支えたテオ。四人の魂が共鳴したとき、あの傑作が生まれ落ちた―。原田マハが、ゴッホとともに闘い抜いた新境地、アート小説の最高峰。ここに誕生!
B009DEMA02,電子書籍,虐殺器官 (ハヤカワ文庫JA),伊藤 計劃,title,1.15,L80aVzScqQQC,虐殺器官,伊藤計劃,,,早川書房,2010-02,414,Fiction,https://books.google.com/books/content?id=L80aVzScqQQC&printsec=frontcover&img=1&zoom=1&edge=curl&source=gbs_api,9・11を経て、“テロとの戦い”は転機を迎えていた。先進諸国は徹底的な管理体制に移行してテロを一掃したが、後進諸国では内戦や大規模虐殺が急激に増加していた。 米軍大尉クラヴィス・シェパードは、その混乱の陰に常に存在が囁かれる謎の男、ジョン・ポールを追ってチェコへと向かう......彼の目的とはいったいなにか? 大量殺戮を引き起こす“虐殺の器官”とは? ゼロ年代最高のフィクションが電子書籍版で登場。
4041080541,本,エミリの小さな包丁 (角川文庫),森沢明夫,isbn,1.0,xZG7xgEACAAJ,エミリの小さな包丁,森沢明夫,9784041080542,4041080541,,2019-06,0,Families,https://books.google.com/books/content?id=xZG7xgEACAAJ&printsec=frontcover&img=1&zoom=1&source=gbs_api,傷ついた心を癒やしてくれたのは、おいしいごはんとおじいちゃんだった。
B01DLQNOXY,電子書籍,貴様いつまで女子でいるつもりだ問題 (幻冬舎文庫),ジェーン・スー,title,1.2,Z-a4DwAAQBAJ,貴様いつまで女子でいるつもりだ問題,ジェーン・スー,,,幻冬舎,2016-04-12,145,Biography & Autobiography,https://books.google.com/books/content?id=Z-a4DwAAQBAJ&printsec=frontcover&img=1&zoom=1&edge=curl&source=gbs_api,「女子会には二種類あってだな」「ていねいな暮らしオブセッション」「私はオバさんになったが森高はどうだ」……誰もが見て見ぬふりをしてきた女にまつわる諸問題(女子問題、カワイイ問題、ブスとババア問題……etc.)から、恋愛、結婚、家族、老後まで――話題の著者が笑いと毒で切り込む。“未婚のプロ”の真骨頂。講談社エッセイ賞受賞作。
B009GXMFHI,電子書籍,すべてがＦになる　THE PERFECT INSIDER Ｓ＆Ｍシリーズ (講談社文庫),森博嗣,title,1.2,qPmuBQAAQBAJ,すべてがＦになる【Ｓ＆Ｍシリーズ全１０冊合本版】,森博嗣,,,講談社,,3314,Fiction,https://books.google.com/books/content?id=qPmuBQAAQBAJ&printsec=frontcover&img=1&zoom=1&edge=curl&source=gbs_api,N大助教授・犀川創平と女子学生・西之園萌絵のコンビが難事件を解決。アニメ原作の『すべてがＦになる』から始まる「Ｓ＆Ｍシリーズ」１０作品を完全収録！【収録作品】『すべてがＦになる』『冷たい密室と博士たち』『笑わない数学者』『詩的私的ジャック』『封印再度』『幻惑の死と使徒』『夏のレプリカ』『今はもうない』『数奇にして模型』『有限と微小のパン』
B0B5DFPBT5,電子書籍,嘘と正典 (ハヤカワ文庫JA),小川 哲,title,1.2,b-V3EAAAQBAJ,嘘と正典,小川 哲,,,早川書房,2022-07-06,173,Fiction,https://books.google.com/books/content?id=b-V3EAAAQBAJ&printsec=frontcover&img=1&zoom=1&edge=curl&source=gbs_api,マルクスとエンゲルスの出逢いを阻止することで共産主義の消滅を企むCIAを描いた歴史改変SFの表題作をはじめ、零落した稀代のマジシャンがタイムトラベルに挑む「魔術師」、名馬スペシャルウィークの血統に我が身を重ねる青年の感動譚「ひとすじの光」、音楽を通貨とする小さな島の伝説「ムジカ・ムンダーナ」など6篇を収録。圧倒的な筆致により日本SFと世界文学を接続する著者初の短篇集。解説:鷲羽巧
B009GXMFFU,電子書籍,冷たい密室と博士たち　DOCTORS IN ISOLATED ROOM Ｓ＆Ｍシリーズ (講談社文庫),森博嗣,title,1.2,xoe6DwAAQBAJ,冷たい密室と博士たち,浅田寅ヲ / 森博嗣,,,幻冬舎コミックス,2007-09-25,210,Comics & Graphic Novels,https://books.google.com/books/content?id=xoe6DwAAQBAJ&printsec=frontcover&img=1&zoom=1&edge=curl&source=gbs_api,同僚・喜多北斗の誘いで「極地環境研究センタ」を訪れたＮ大学助教授の犀川と、その教え子・萌絵。低温度実験室での実験終了後に打ち上げコンパが行われる最中、密室である実験室でふたりの大学院生が死体となって発見された。犯人はどうやって密室に侵入しふたりを殺害したのか？ 犀川の頭脳がゆっくりと回転を始める――。本格ミステリィのコミカライズ第２弾!!
B079L4QPFX,電子書籍,その可能性はすでに考えた (講談社文庫),井上真偽,title,1.2,3YvPswEACAAJ,その可能性はすでに考えた,井上真偽,9784062938532,4062938537,,2018-02,391,,https://books.google.com/books/content?id=3YvPswEACAAJ&printsec=frontcover&img=1&zoom=1&source=gbs_api,本格ミステリにまだこんな発想があったのか!? 奇蹟を追い求める探偵、斬首集団自殺の謎に挑む。ミステリ・ランキング席巻の話題作
B00KSV9F0C,電子書籍,絶深海のソラリス (MF文庫J),らきるち,title,1.2,3ZBCrgEACAAJ,絶深海のソラリス,らきるち,9784040674803,4040674804,,2015-03-31,325,,https://books.google.com/books/content?id=3ZBCrgEACAAJ&printsec=frontcover&img=1&zoom=1&source=gbs_api,“ランド・デイ”それは、上陸の日。そして、大海害と並ぶ人類史上最大の災悪が始まった日でもある。『大阪事件』以降その存在が明らかになった未知の危険深海生物アンダー。連邦海軍対アンダー専門の特殊部隊“CHAF”に所属するシャロン=ナイトレイは、深い海の底で死の危機に瀕していた。しかし、その時不意に声が聴こえる―「“最愛の妹”の死の真相を知りたくはないか?」と。シャロンを助けた謎の人物はさらに彼女に告げる。我々の任務は「“切り札”山城ミナトを確保すること」だと。“深海”×“絶望”戦慄の本格パニックノベル待望の第2巻
B00CE3T6OC,電子書籍,十角館の殺人〈新装改訂版〉 ｢館｣シリーズ (講談社文庫),綾辻行人,title,1.046,78eqBQAAQBAJ,十角館の殺人〈新装改訂版〉,綾辻行人,,,講談社,2007-10-16,265,Fiction,https://books.google.com/books/content?id=78eqBQAAQBAJ&printsec=frontcover&img=1&zoom=1&edge=curl&source=gbs_api,十角形の奇妙な館が建つ孤島・角島を大学ミステリ研の７人が訪れた。館を建てた建築家・中村青司は、半年前に炎上した青屋敷で焼死したという。やがて学生たちを襲う連続殺人。ミステリ史上最大級の、驚愕の結末が読者を待ち受ける！ １９８７年の刊行以来、多くの読者に衝撃を与え続けた名作が新装改訂版で登場。（講談社文庫）
B009GXMFJQ,電子書籍,笑わない数学者　MATHEMATICAL GOODBYE Ｓ＆Ｍシリーズ (講談社文庫),森博嗣,title,1.2,vnN_jgEACAAJ,笑わない数学者,森博嗣,9784061819276,4061819275,,1996,346,,,
4041039010,本,キケン (角川文庫),有川浩,isbn欠→title,1.2,u59dDAAAQBAJ,キケン,有川　浩,9784041039014,,KADOKAWA,2016-06-18,208,Fiction,https://books.google.com/books/content?id=u59dDAAAQBAJ&printsec=frontcover&img=1&zoom=1&edge=curl&source=gbs_api,成南電気工科大学の「機械制御研究部」は、犯罪スレスレの実験や破壊的行為から、略称「機研（キケン）」＝危険とおそれられていた。本書は、「キケン」な理系男子たちの、事件だらけ＆爆発的熱量の青春物語である！
B0CHR786F9,電子書籍,エレファントヘッド (角川書店単行本),白井 智之,title,1.2,aU_WEAAAQBAJ,エレファントヘッド,白井　智之,,,KADOKAWA,2023-09-26,282,Fiction,https://books.google.com/books/content?id=aU_WEAAAQBAJ&printsec=frontcover&img=1&zoom=1&edge=curl&source=gbs_api,精神科医の象山は家族を愛している。だが彼は知っていた。どんなに幸せな家族も、たった一つの小さな亀裂から崩壊してしまうことを——。やがて謎の薬を手に入れたことで、彼は人知を超えた殺人事件に巻き込まれていく。 謎もトリックも展開もすべてネタバレ禁止！ 前代未聞のストーリー、尋常ならざる伏線の数々。 多重解決ミステリの極限！
B0C6Q8JMD8,電子書籍,万事快調〈オール・グリーンズ〉 (文春文庫),波木 銅,override,1.0,WcnDEAAAQBAJ,万事快調〈オール・グリーンズ〉,波木銅,,,文藝春秋,2023-06-07,336,Fiction / General,https://books.google.com/books/publisher/content?id=WcnDEAAAQBAJ&printsec=frontcover&img=1&zoom=6&edge=curl&imgtk=AFLRE70hZeqeI_oMNc7_QmQoMy_-Ci7DnI_sO1lMeuOef8e9PWqkqxeKnTN4q6IN8En-v0HO1cyY1AmlZYN29IJ-MiSMAgM6SBL288T_5OxTrHpxW46gmHmhcJeMOTatwysiWd-jIOfT&source=gbs_api,新時代の才能が炸裂！　松本清張賞受賞作　 “クソ田舎”からおさらばするため、<wbr>３人の女子高生は学校の屋上で大麻の栽培を始める——。<wbr>選考委員満場一致、規格外のデビュー作。 ※<wbr>この電子書籍は2021年7月に文藝春秋より刊行された単行本の<wbr>文庫版を底本としています。
B00L4XTJZ4,電子書籍,水車館の殺人〈新装改訂版〉 ｢館｣シリーズ (講談社文庫),綾辻行人,title,1.046,m5KuBQAAQBAJ,水車館の殺人〈新装改訂版〉,綾辻行人,,,講談社,2008-04-15,251,Fiction,https://books.google.com/books/content?id=m5KuBQAAQBAJ&printsec=frontcover&img=1&zoom=1&edge=curl&source=gbs_api,仮面の当主と孤独な美少女が住まう異形の館、水車館。１年前の嵐の夜を悪夢に変えた不可解な惨劇が、今年も繰り返されるのか？ 密室から消失した男の謎、そして幻想画家・藤沼一成の遺作「幻影群像」を巡る恐るべき秘密とは……！？ 本格ミステリの復権を高らかに謳（うた）った「館」シリーズ第2弾、全面改訂の決定版！（講談社文庫）
B07XCKP8N9,電子書籍,Ａｎｋ　：　ａ　ｍｉｒｒｏｒｉｎｇ　ａｐｅ (講談社文庫),佐藤究,title,1.2,rEQxDwAAQBAJ,Ａｎｋ：　ａ　ｍｉｒｒｏｒｉｎｇ　ａｐｅ,佐藤究,,,講談社,2017-08-22,370,Fiction,https://books.google.com/books/content?id=rEQxDwAAQBAJ&printsec=frontcover&img=1&zoom=1&edge=curl&source=gbs_api,2026年、多数の死者を出した京都暴動（キョート・ライオット）。ウィルス、病原菌、化学物質、テロ攻撃の可能性もない。人類が初めてまみえる災厄はなぜ起こったのか。発端はたった一匹の類人猿、東アフリカからきた「鏡（アンク）」という名のチンパンジーだった。一人の霊長類研究者が壮大すぎる謎に立ち向かう。乱歩賞『ＱＪＫＪＱ』で衝撃の“デビュー”を果たした著者による、世界レベルの超絶エンターテインメント！
B07H2RDD8Q,電子書籍,ＺＯＯ　１＋２ (集英社文庫),乙一,title,1.2,9c81EAAAQBAJ,ＺＯＯ　１＋２,乙一,,,集英社,,247,Fiction,https://books.google.com/books/content?id=9c81EAAAQBAJ&printsec=frontcover&img=1&zoom=1&source=gbs_api,何なんだこれは！ 天才・乙一のジャンル分け不能の傑作短編集「１」、「２」を合本版で。「１」は双子の姉妹なのになぜか姉のヨーコだけが母から虐待され――（「カザリとヨーコ」）。謎の犯人に拉致監禁された姉と弟がとった脱出のための手段とは？――（「SEVEN ROOMS」）など５編をセレクト。「２」は、目が覚めたら、何者かに刺されて血まみれだった資産家の悲喜劇（「血液を探せ！」）、ハイジャックされた機内で安楽死の薬を買うべきか否か？（「落ちる飛行機の中で」）など驚天動地の粒ぞろい５編に加え、幻のショートショート「むかし夕日の公園で」を特別収録。
B0CFPCCSJH,電子書籍,近畿地方のある場所について,背筋,title,1.2,JgzREAAAQBAJ,近畿地方のある場所について,背筋,,,KADOKAWA,2023-08-30,257,Fiction,https://books.google.com/books/content?id=JgzREAAAQBAJ&printsec=frontcover&img=1&zoom=1&edge=curl&source=gbs_api,近畿地方のある場所にまつわる怪談を集めるうちに、恐ろしい事実が浮かび上がってきました。
B078JMBQLJ,電子書籍,ユートロニカのこちら側 (ハヤカワ文庫JA),小川 哲,title,1.2,G_1DDwAAQBAJ,ユートロニカのこちら側,小川 哲,,,早川書房,2017-12-15,203,Fiction,https://books.google.com/books/content?id=G_1DDwAAQBAJ&printsec=frontcover&img=1&zoom=1&edge=curl&source=gbs_api,"個人情報を提供する見返りとして、生活全般を保証する実験都市アガスティア・リゾート。理想的な環境で生きる人々が向き合うのは、進化と未来を啓示する""永遠の静寂""だった——『ゲームの王国』で話題を呼ぶSF新世代の俊英がユートピアの極北を描き出す！ 解説収録／入江哲朗"
B009GXMFPU,電子書籍,詩的私的ジャック　JACK THE POETICAL PRIVATE Ｓ＆Ｍシリーズ (講談社文庫),森博嗣,title,1.109,C0CvBQAAQBAJ,詩的私的ジャック　JACK THE POETICAL PRIVATE,森博嗣,,,講談社,1999-11-15,275,Fiction,https://books.google.com/books/content?id=C0CvBQAAQBAJ&printsec=frontcover&img=1&zoom=1&edge=curl&source=gbs_api,大学施設で女子大生が連続して殺された。現場は密室状態で死体には文字状の傷が残されていた。捜査線上に浮かんだのはロック歌手の結城稔。被害者と面識があった上、事件と彼の歌詞が似ていたのだ。Ｎ大学工学部助教授・犀川創平とお嬢様学生・西之園萌絵が、明敏な知性を駆使して事件の構造を解体する！
4847071468,本,大人の雑学 西洋画家事典 - 人柄がわかるエピソードで楽しく読める! -,らちまゆみ,isbn,1.0,7TzHzgEACAAJ,大人の雑学西洋画家事典 人柄がわかるエピソードで楽しく読める!,らちまゆみ,9784847071461,4847071468,,2022-01-31,223,,https://books.google.com/books/content?id=7TzHzgEACAAJ&printsec=frontcover&img=1&zoom=1&source=gbs_api,"西洋美術の巨匠35人を徹底解説!総再生回数690,000回超え大人気webラジオ「そんない美術の時間」書籍化。インテリで自信家の俺様画家、デューラー。印象派の先駆けになった“現代っ子”、マネ。悪魔的美女がお好き?、モロー。学校では教えてくれない画家たちのエピソードが満載!"
B0BXL19848,電子書籍,ゴリラ裁判の日,須藤古都離,title,1.2,aP6xEAAAQBAJ,ゴリラ裁判の日,須藤古都離,,,講談社,2023-03-15,221,Fiction,https://books.google.com/books/content?id=aP6xEAAAQBAJ&printsec=frontcover&img=1&zoom=1&edge=curl&source=gbs_api,カメルーンで生まれたニシローランドゴリラ、名前はローズ。メス、というよりも女性といった方がいいだろう。ローズは人間に匹敵する知能を持ち、言葉を理解する。手話を使って人間と「会話」もできる。カメルーンで、オスゴリラと恋もし、破れる。厳しい自然の掟に巻き込まれ、大切な人も失う。運命に導かれ、ローズはアメリカの動物園で暮らすようになった。政治的なかけひきがいろいろあったようだが、ローズは意に介さない。動物園で出会ったゴリラと愛を育み、夫婦の関係にもなる。順風満帆のはずだった――。 その夫が、檻に侵入した4歳の人間の子どもを助けるためにという理由で、銃で殺されてしまう。なぜ？ どうして麻酔銃を使わなかったの？ 人間の命を救うために、ゴリラは殺してもいいの？ だめだ、どうしても許せない！ ローズは、夫のために、自分のために、正義のために、人間に対して、裁判で闘いを挑む！ アメリカで激しい議論をまきおこした「ハランベ事件」をモチーフとして生み出された感動巨編。第64回メフィスト賞満場一致の受賞作。
B00F2H3418,電子書籍,占星術殺人事件　改訂完全版 (講談社文庫),島田荘司,title,1.2,rR8EnwEACAAJ,占星術殺人事件,島田荘司,9784062775038,4062775034,,2013-08,529,,https://books.google.com/books/content?id=rR8EnwEACAAJ&printsec=frontcover&img=1&zoom=1&source=gbs_api,密室で殺された画家が遺した手記には、六人の処女の肉体から完璧な女=アゾートを創る計画が書かれていた。その後、彼の六人の娘たちが行方不明となり、一部を切り取られた惨殺遺体となって発見された。事件から四十数年、迷宮入りした猟奇殺人のトリックとは!?名探偵御手洗潔を生んだ衝撃作の完全版登場!
B01M01HWT3,電子書籍,眼球堂の殺人　～Ｔｈｅ　Ｂｏｏｋ～ 堂シリーズ (講談社文庫),周木律,title,1.2,XM8yvgAACAAJ,眼球堂の殺人 The Book,周木律,9784062934756,4062934752,,2016-09,576,,https://books.google.com/books/content?id=XM8yvgAACAAJ&printsec=frontcover&img=1&zoom=1&source=gbs_api,密室! 館! 不可能犯罪! 本格ミステリのガジェット満載にして、清新かつ斬新なトリック! 刮目せよ。これがメフィスト賞だ!
B0BD49858C,電子書籍,スイッチ　悪意の実験 (講談社文庫),潮谷験,title,1.2,abUoEAAAQBAJ,スイッチ　悪意の実験,潮谷験,,,講談社,2021-04-22,255,Fiction,https://books.google.com/books/content?id=abUoEAAAQBAJ&printsec=frontcover&img=1&zoom=1&edge=curl&source=gbs_api,夏休み、お金がなくて暇を持て余している大学生達に風変わりなアルバイトが持ちかけられた。スポンサーは売れっ子心理コンサルタント。彼は「純粋な悪」を研究課題にしており、アルバイトは実験の協力だという。集まった大学生達のスマホには、自分達とはなんの関わりもなく幸せに暮らしている家族を破滅させるスイッチのアプリがインストールされる。スイッチ押しても押さなくても1ヵ月後に100万円が手に入り、押すメリットはない。「誰も押すわけがない」皆がそう思っていた。しかし……。
B0BTCW4JK5,電子書籍,成瀬は天下を取りにいく 「成瀬」シリーズ,宮島未奈,title,1.015,ujZoEQAAQBAJ,成瀬は天下を取りにいく（新潮文庫）,宮島未奈,,,新潮社,2025-06-25,165,Fiction,https://books.google.com/books/content?id=ujZoEQAAQBAJ&printsec=frontcover&img=1&zoom=1&edge=curl&source=gbs_api,「島崎、わたしはこの夏を西武に捧げようと思う」幼馴染の島崎みゆきにそう宣言したのは、中学二年生の成瀬あかり。閉店を間近に控える西武大津店に毎日通い、ローカル番組の中継に映るといいだした。さらに、お笑いコンビ・ゼゼカラでＭ－１に挑み、高校の入学式には坊主頭で現れ、目標は二百歳まで生きること。最高の主人公の登場に、目が離せない！ 本屋大賞を受賞した圧巻の青春小説！（解説・森見登美彦）
4087493571,本,23分間の奇跡 (集英社文庫(日本)),ジェームズ・クラベル,isbn,1.0,m8gUAAAACAAJ,23分間の奇跡,James Clavell / 幸男·青島,9784087493573,4087493571,,1988,180,Brainwashing,,
B0CNPKM1CX,電子書籍,成瀬は信じた道をいく （「成瀬」シリーズ）,宮島未奈,title,1.2,g9HtEQAAQBAJ,成瀬は信じた道をいく（新潮文庫）,宮島未奈,,,新潮社,2026-06-24,169,Fiction,https://books.google.com/books/content?id=g9HtEQAAQBAJ&printsec=frontcover&img=1&zoom=1&edge=curl&source=gbs_api,我が道を突き進む成瀬あかりの人生は、今日も誰かと交差する。お笑いコンビ「ゼゼカラ」ファンの小学生、娘の大学受験を見守る父、バイト先に現れたクレーマー、観光大使になるべくして生まれた女子大生。個性豊かな面々が新たな成瀬あかり史に名を刻むなか、幼馴染の島崎が故郷に帰ると、成瀬が書き置きを残して失踪しており……。最高の主人公が再び登場する2024年本屋大賞受賞作続編！【解説・駒場孝（ミルクボーイ）】
B09L43DJMZ,電子書籍,同志少女よ、敵を撃て,逢坂 冬馬,title,1.2,7PoyEQAAQBAJ,同志少女よ、敵を撃て,逢坂 冬馬,,,早川書房,2024-12-11,335,Fiction,https://books.google.com/books/content?id=7PoyEQAAQBAJ&printsec=frontcover&img=1&zoom=1&edge=curl&source=gbs_api,激化する独ソ戦のさなか、赤軍の女性狙撃兵セラフィマが目にした真の敵とは──デビュー作で本屋大賞受賞のベストセラーを文庫化
B0CGLJ4Y8Y,電子書籍,君が手にするはずだった黄金について,小川哲,title,1.2,h3LdEAAAQBAJ,君が手にするはずだった黄金について,小川哲,,,新潮社,2023-10-18,148,Fiction,https://books.google.com/books/content?id=h3LdEAAAQBAJ&printsec=frontcover&img=1&zoom=1&edge=curl&source=gbs_api,認められたくて、必死だったあいつを、お前は笑えるの？ 青山の占い師、80億円を動かすトレーダー、ロレックス・デイトナを巻く漫画家……。著者自身を彷彿とさせる「僕」が、怪しげな人物たちと遭遇する連作短篇集。彼らはどこまで嘘をついているのか？ いま注目を集める直木賞作家が、成功と承認を渇望する人々の虚実を描く話題作！
B009GXMFR8,電子書籍,封印再度　WHO INSIDE Ｓ＆Ｍシリーズ (講談社文庫),森博嗣,title,1.012,vj6vBQAAQBAJ,封印再度　WHO INSIDE,森博嗣,,,講談社,2000-03-15,338,Fiction,https://books.google.com/books/content?id=vj6vBQAAQBAJ&printsec=frontcover&img=1&zoom=1&edge=curl&source=gbs_api,50年前、日本画家・香山風采は息子・林水に家宝「天地の瓢」と「無我の匣」を残して密室の中で謎の死をとげた。不思議な言い伝えのある家宝と風采の死の秘密は、現在にいたるまで誰にも解かれていない。そして今度は、林水が死体となって発見された。２つの死と家宝の謎に人気の犀川・西之園コンビが迫る。
B00V4D4YBS,電子書籍,絶深海のソラリス II (MF文庫J),らきるち,title,1.2,juorCgAAQBAJ,絶深海のソラリス II,らきるち,,,KADOKAWA,2015-03-25,238,Young Adult Fiction,https://books.google.com/books/content?id=juorCgAAQBAJ&printsec=frontcover&img=1&zoom=1&edge=curl&source=gbs_api,このライトノベルがすごい！2015にて新作部門第２位！ 今もっとも注目を集める本格パニックノベル、必読の第２巻。——絶望の先、見る勇気はあるか？
4062769778,本,カラスの親指 by rule of CROW’s thumb (講談社文庫),道尾秀介,isbn,1.0,ZKZOygAACAAJ,カラスの親指,道尾秀介,9784062769778,4062769778,,2011-07,510,Japanese fiction,https://books.google.com/books/content?id=ZKZOygAACAAJ&printsec=frontcover&img=1&zoom=1&source=gbs_api,人生に敗れ、詐欺を生業として生きる中年二人組。ある日、彼らの生活に一人の少女が舞い込む。やがて同居人は増え、5人と1匹に。「他人同士」の奇妙な生活が始まったが、残酷な過去は彼らを離さない。各々の人生を懸け、彼らが企てた大計画とは?息もつかせぬ驚愕の逆転劇、そして感動の結末。「このミス」常連、各文学賞総なめの文学界の若きトップランナー、最初の直木賞ノミネート作品。第62回日本推理作家協会賞受賞作。
4101802874,本,幽霊を信じない理系大学生、霊媒師のバイトをする (新潮文庫nex(ネックス)),柞刈湯葉,isbn,1.0,EMe00AEACAAJ,幽霊を信じない理系大学生、霊媒師のバイトをする,柞刈湯葉,9784101802879,4101802874,,2024-07,0,,https://books.google.com/books/content?id=EMe00AEACAAJ&printsec=frontcover&img=1&zoom=1&source=gbs_api,霊媒師のアルバイト? 幽霊、見えないのに? 「他人の気持ちが分からない」ことが悩みの谷原(たにはら)豊(ゆたか)(18)は、曾祖母の死(享年100)をきっかけに、謎の霊媒師・鵜(う)沼(ぬま)ハルと出会った。自称大正生まれのハルは、幽霊が見えず存在を信じてない理屈っぽい理系大学生の豊に、奇妙な”慰霊”のアルバイトを依頼する。彼女の正体と、この街の秘密とは――。モラトリアムの青春を爽やかに描く、すこし不思議なジェントル・ゴースト・ストーリー。
B0CWYZ7PFB,電子書籍,なぜ働いていると本が読めなくなるのか (集英社新書),三宅香帆,title,1.2,wM8BEQAAQBAJ,なぜ働いていると本が読めなくなるのか,三宅香帆,,,集英社,2024-04-17,161,Reference,https://books.google.com/books/content?id=wM8BEQAAQBAJ&printsec=frontcover&img=1&zoom=1&source=gbs_api,【人類の永遠の悩みに挑む！】 「大人になってから、読書を楽しめなくなった」「仕事に追われて、趣味が楽しめない」「疲れていると、スマホを見て時間をつぶしてしまう」……そのような悩みを抱えている人は少なくないのではないか。 「仕事と趣味が両立できない」という苦しみは、いかにして生まれたのか。 自らも兼業での執筆活動をおこなってきた著者が、労働と読書の歴史をひもとき、日本人の「仕事と読書」のあり方の変遷を辿る。 そこから明らかになる、日本の労働の問題点とは？ すべての本好き・趣味人に向けた渾身の作。 【目次】 まえがき 本が読めなかったから、会社をやめました 序章 労働と読書は両立しない？ 第一章 労働を煽る自己啓発書の誕生――明治時代 第二章 「教養」が隔てたサラリーマン階級と労働者階級――大正時代 第三章 戦前サラリーマンはなぜ「円本」を買ったのか？――昭和戦前・戦中 第四章 「ビジネスマン」に読まれたベストセラー――1950～60年代 第五章 司馬遼太郎の文庫本を読むサラリーマン――1970年代 第六章 女たちのカルチャーセンターとミリオンセラー――1980年代 第七章 行動と経済の時代への転換点――1990年代 第八章 仕事がアイデンティティになる社会――2000年代 第九章 読書は人生の「ノイズ」なのか？――2010年代 最終章 「全身全霊」をやめませんか あとがき 働きながら本を読むコツをお伝えします
B01H13QEAI,電子書籍,にぎやかな未来 (角川文庫),筒井 康隆,title,1.2,vqBdDAAAQBAJ,にぎやかな未来,筒井　康隆,,,KADOKAWA,2016-06-18,165,Fiction,https://books.google.com/books/content?id=vqBdDAAAQBAJ&printsec=frontcover&img=1&zoom=1&edge=curl&source=gbs_api,「超能力」「星は生きている」「最終兵器の漂流」「怪物たちの夜」「００７入社す」「コドモのカミサマ」「無人警察」「にぎやかな未来」など、41篇の名ショートショートを収録。
412102740X,本,日本語の発音はどう変わってきたか 「てふてふ」から「ちょうちょう」へ、音声史の旅 (中公新書 2740),釘貫亨,isbn,1.0,2CmVzwEACAAJ,日本語の発音はどう変わってきたか 「てふてふ」から「ちょうちょう」へ、音声史の旅,釘貫亨,9784121027405,412102740X,,2023-02,0,,https://books.google.com/books/content?id=2CmVzwEACAAJ&printsec=frontcover&img=1&zoom=1&source=gbs_api,奈良時代には母音が8つあった?「じ」と「ぢ」はなぜ同じ音なのか?漢字の音読みが幾通りもあるのはなぜ?千三百年に及ぶ変遷を解説
B00L4XTJUE,電子書籍,迷路館の殺人〈新装改訂版〉 ｢館｣シリーズ (講談社文庫),綾辻行人,title,1.046,cCGuBQAAQBAJ,迷路館の殺人〈新装改訂版〉,綾辻行人,,,講談社,2009-11-13,268,Fiction,https://books.google.com/books/content?id=cCGuBQAAQBAJ&printsec=frontcover&img=1&zoom=1&edge=curl&source=gbs_api,奇妙奇天烈な地下の館、迷路館。招かれた4人の作家たちは莫大な“賞金”をかけて、この館を舞台にした推理小説の競作を始めるが、それは恐るべき連続殺人劇の開幕でもあった！ 周到な企みと徹底的な遊び心でミステリファンを驚喜させたシリーズ第3作、待望の新装改訂版。初期「新本格」を象徴する傑作！（講談社文庫）
B076Z8GN9X,電子書籍,新装版　殺戮にいたる病 (講談社文庫),我孫子武丸,title,1.2,zs87DwAAQBAJ,新装版　殺戮にいたる病,我孫子武丸,,,講談社,2017-10-13,209,Fiction,https://books.google.com/books/content?id=zs87DwAAQBAJ&printsec=frontcover&img=1&zoom=1&edge=curl&source=gbs_api,永遠の愛をつかみたいと男は願った―。東京の繁華街で次々と猟奇的殺人を重ねるサイコ・キラーが出現した。犯人の名前は、蒲生稔!くり返される凌辱の果ての惨殺。冒頭から身も凍るラストシーンまで恐るべき殺人者の行動と魂の軌跡をたどり、とらえようのない時代の悪夢と闇を鮮烈無比に抉る衝撃のホラー。
B0CVL3NCD8,電子書籍,令和元年の人生ゲーム (文春e-book),麻布競馬場,title,1.2,sCRj0AEACAAJ,令和元年の人生ゲーム,麻布競馬場,9784163918082,4163918086,,2024-02-21,0,,https://books.google.com/books/content?id=sCRj0AEACAAJ&printsec=frontcover&img=1&zoom=1&source=gbs_api,「まだ人生に、本気になってるんですか?」 この新人、平成の落ちこぼれか、令和の革命家か?
B0B31293KG,電子書籍,信仰 (文春e-book),村田 沙耶香,title+author,1.2,dfRYEQAAQBAJ,信仰,村田沙耶香,,,文藝春秋,2025-05-08,130,Fiction,https://books.google.com/books/content?id=dfRYEQAAQBAJ&printsec=frontcover&img=1&zoom=1&edge=curl&source=gbs_api,信じることの危うさと切実さに痺れる11篇 「なあ、俺と、新しくカルト始めない？」 好きな言葉は「原価いくら？」 現実こそが正しいのだと強く信じる、超・現実主義者の私が、 同級生から、カルト商法を始めようと誘われて——。 世界中の読者を熱狂させる、村田沙耶香の11の短篇＋エッセイ。 表題作は2021年シャーリィ・ジャクスン賞（中編小説部門）候補作に選ばれました。 文庫化にあたり、短篇小説「無害ないきもの」「残雪」、エッセイ「いかり」を追加。 書き下ろしエッセイである「書かなかった日記——文庫版によせて」を巻末に収録。 〈収録作〉 「信仰」「生存」「土脉潤起」「彼らの惑星へ帰っていくこと」「カルチャーショック」「気持ちよさという罪」「書かなかった小説」「最後の展覧会」「無害ないきもの」「残雪」「いかり」 単行本 2022年6月 文藝春秋刊 文庫版 2025年5月 文春文庫刊 この電子書籍は文春文庫版を底本としています。
B00DUQ5JWK,電子書籍,ハサミ男 (講談社文庫),殊能将之,title,1.2,DdutBQAAQBAJ,ハサミ男,殊能将之,,,講談社,2002-08-15,305,Fiction,https://books.google.com/books/content?id=DdutBQAAQBAJ&printsec=frontcover&img=1&zoom=1&edge=curl&source=gbs_api,美少女を殺害し、研ぎあげたハサミを首に突き立てる猟奇殺人犯「ハサミ男」。３番目の犠牲者を決め、綿密に調べ上げるが、自分の手口を真似て殺された彼女の死体を発見する羽目に陥る。自分以外の人間に、何故彼女を殺す必要があるのか。「ハサミ男」は調査をはじめる。精緻にして大胆な長編ミステリの傑作！ 【２００５年公開映画「ハサミ男」原作】（講談社文庫）
B0CJBXPMNY,電子書籍,恐怖の正体　トラウマ・恐怖症からホラーまで (中公新書),春日武彦,title,1.2,sTAR0AEACAAJ,恐怖の正体 トラウマ・恐怖症からホラーまで,春日武彦,9784121027726,4121027728,,2023-09-21,0,,https://books.google.com/books/content?id=sTAR0AEACAAJ&printsec=frontcover&img=1&zoom=1&source=gbs_api,屍体、蟲、人形、ピエロ――なぜ人は「それ」を怖いと感じるのか。精神科医・作家として精神病理に切り込んできた著者が迫る。
B0D9NFHKF5,電子書籍,ギャグ小説日和 転校生 (ジャンプジェイブックスDIGITAL),増田こうすけ,title,1.2,At4WEQAAQBAJ,ギャグ小説日和 転校生,増田こうすけ,,,集英社,2024-08-02,141,Young Adult Fiction,https://books.google.com/books/content?id=At4WEQAAQBAJ&printsec=frontcover&img=1&zoom=1&source=gbs_api,【小説版登場！】『増田こうすけ劇場 ギャグマンガ日和GB』の増田こうすけ、小説デビュー！ 海外からの転校生・浦賀。クラス中の注目を集める彼には、ある疑惑が…!?（表題作）／友達のコイタと海に行くことになった“僕”だが、コイタには何か言いたいことがあるようで…!?(「僕の夏休みの冒険」)／さらに、娘の交際相手を前に“あの一言”が言えずに苦悩する「お義父さん」、輪ゴムという存在の起源を巡る「港川浩壱の一人旅のススメ 輪ゴムにさそわれ奈良の旅」など、これまでジャンプSQ.にて発表した短編もすべて収録した増田文学の第一作にして決定版！ 【目次】僕の夏休みの冒険／転校生／お義父さん／イケメンニュージェネレーション／3回表／港川浩壱の一人旅のススメ 輪ゴムにさそわれ奈良の旅／知られざるバレエの世界／ジャックの豆
B009GAIRPK,電子書籍,幻惑の死と使途　ILLUSION ACTS LIKE MAGIC Ｓ＆Ｍシリーズ (講談社文庫),森博嗣,title,1.103,MECvBQAAQBAJ,幻惑の死と使途　ILLUSION ACTS LIKE MAGIC,森博嗣,,,講談社,2000-11-15,337,Fiction,https://books.google.com/books/content?id=MECvBQAAQBAJ&printsec=frontcover&img=1&zoom=1&edge=curl&source=gbs_api,「諸君が、一度でも私の名を呼べば、どんな密室からも抜け出してみせよう」いかなる状況からも奇跡の脱出を果たす天才奇術師・有里匠幻が衆人環視のショーの最中に殺された。しかも遺体は、霊柩車から消失。これは匠幻最後の脱出か？ 幾重にも重なる謎に秘められた真実を犀川・西之園の理系師弟が解明する。
B0CVN836M6,電子書籍,箱男（新潮文庫）,安部公房,title,1.2,T5z5EAAAQBAJ,箱男（新潮文庫）,安部公房,,,新潮社,1982-10-27,140,Fiction,https://books.google.com/books/content?id=T5z5EAAAQBAJ&printsec=frontcover&img=1&zoom=1&edge=curl&source=gbs_api,ダンボール箱を頭からすっぽりとかぶり、都市を彷徨する箱男は、覗き窓から何を見つめるのだろう。一切の帰属を捨て去り、存在証明を放棄することで彼が求め、そして得たものは？ 贋箱男との錯綜した関係、看護婦との絶望的な愛。輝かしいイメージの連鎖と目まぐるしく転換する場面（シーン）。読者を幻惑する幾つものトリックを仕掛けながら記述されてゆく、実験的精神溢れる書下ろし長編。（解説・平岡篤頼）
B0D4M88LMJ,電子書籍,無意味なものと不気味なもの (中公文庫),春日武彦,title,1.2,hkut0AEACAAJ,無意味なものと不気味なもの,春日武彦,9784122075146,4122075149,,2024-05,0,,https://books.google.com/books/content?id=hkut0AEACAAJ&printsec=frontcover&img=1&zoom=1&source=gbs_api,「あれはいったい何だったのだろう――?」 過去の人生において遭遇した、明確な恐怖とは言いがたい、けれど忘れることのできない記憶や小説。 大ヒット作『恐怖の正体』(中公新書)で話題を呼んだ作家・精神科医である著者が、精神の根源に触れるそうした〈恐怖寸前〉の〈無意味で不気味なものたち〉に惹かれて渉猟した、異色の文学エッセイにして読書案内。 刊行以来、ホラーや幻想文学の実作者を中心に、多くの読者から絶賛を得てきた名著に、書き下ろしの新章を増補した新版。 誰もが体験しながら、ふだんの日常においては意識の底に沈められがちな〈あれ〉を求めて......読めばきっと、あなたも語りたくなる。 推薦・澤村伊智 解説・朝宮運河 目次 文庫版のためのまえがき まえがき 1 隠蔽された顔――N・ホーソーン『牧師の黒のベール』 2 本物そっくり――河野多惠子『半所有者』 3 糞と翼――パトリック・マグラア『長靴の物語』 4 姿勢と連想――古井由吉『仁摩』 5 受話器を握る怪物――H・P・ラヴクラフト『ランドルフ・カーターの陳述』 6 孤独な日々――日影丈吉『旅は道づれ』 7 南洋の郵便配達夫――J・M・スコット『人魚とビスケット』 8 描きかけの風景画――藤枝静男『風景小説』 9 墜落する人――レイ・ブラッドベリ『目かくし運転』 10 救われたい気持ち――高井有一『夜の音』 11 果てしない日々――クレイ・レイノルズ『消えた娘』 12 世界の構造――富岡多惠子『遠い空』 13 グロテスク考――カースン・マッカラーズ『黄金の眼に映るもの』 14 うふふ。――車谷長吉『忌中』 16 昆虫的――内田百閒『殺生』+ブルーノ・シュルツ『父の最後の逃亡』 16 入り込んでくる人――庄野潤三『黒い牧師』 あとがき 解説朝宮運河 〈本書は、無意味なものと不気味なものにまつわる探求報告であり、「あれはいったい何だったのだろう」という呟きの執拗な反復である。もし読者諸氏にも「あれはいったい何だったのだろう」との文言が病原菌のように感染すれば、著者としては嬉しい。寂しさがまぎれ、この世界に生を営んでいくことの不安を、幾分なりとも忘れさせてくれそうだからである。......〉(「まえがき」より)
B0CBV65PR4,電子書籍,チク・タク・チク・タク・チク・タク・チク・タク・チク・タク・チク・タク・チク・タク・チク・タク・チク・タク・チク・タク (竹書房文庫),ジョン・スラデック,title,1.2,nWvVEAAAQBAJ,チク・タク・チク・タク・チク・タク・チク・タク・チク・タク・チク・タク・チク・タク・チク・タク・チク・タク・チク・タク,ジョン・スラデック / 鯨井久志,,,竹書房,2023-08-28,163,Fiction,https://books.google.com/books/content?id=nWvVEAAAQBAJ&printsec=frontcover&img=1&zoom=1&edge=curl&source=gbs_api,狂機誕生 家事 殺人 絵画 強盗 経営 すべてをこなすロボット、それがチク・タク もはやロボットを使うことは当たりまえになった。家事から医療、さらにロボットの製造まですべての分野でロボットが使役されている。人間の安全のためにロボットたちにはロボット三原則を遵守させる「アシモフ回路」が組み込まれていた。 だが、チク・タクにはその回路が作動していなかった。ペンキ塗りをしていたチク・タクは少女を殺し、その血で壁に絵を描く。おかしなことにその壁画が美術評論家に評価され、チク・タクは芸術家のロボットとして世の注目を集める。使役から解放され金を手に入れたチク・タクは、人間への“実験”(殺人、強盗、扇動などなど)を開始する――。 奇才スラデックによる英国SF協会賞受賞作のロボット・ピカレスク。
B0B4RBN2ZZ,電子書籍,地図と拳 (集英社文芸単行本),小川哲,title,1.2,wnt2EAAAQBAJ,地図と拳,小川哲,,,集英社,2022-06-24,433,Fiction,https://books.google.com/books/content?id=wnt2EAAAQBAJ&printsec=frontcover&img=1&zoom=1&source=gbs_api,【第168回直木賞受賞作！】 【第13回山田風太郎賞受賞作！】 「君は満洲という白紙の地図に、夢を書きこむ」 日本からの密偵に帯同し、通訳として満洲に渡った細川。ロシアの鉄道網拡大のために派遣された神父クラスニコフ。叔父にだまされ不毛の土地へと移住した孫悟空。地図に描かれた存在しない島を探し、海を渡った須野……。奉天の東にある〈李家鎮〉へと呼び寄せられた男たち。「燃える土」をめぐり、殺戮の半世紀を生きる。 ひとつの都市が現われ、そして消えた。 日露戦争前夜から第２次大戦までの半世紀、満洲の名もない都市で繰り広げられる知略と殺戮。日本ＳＦ界の新星が放つ、歴史×空想小説。
B0CNX7GZQB,電子書籍,ニュー・サバービア,波木 銅,title,1.2,I4B20AEACAAJ,ニュー・サバービア,波木銅,9784778319069,4778319060,,2024,0,,https://books.google.com/books/content?id=I4B20AEACAAJ&printsec=frontcover&img=1&zoom=1&source=gbs_api,原発のある田舎の町で、小説家を夢見ながら友人たちと退屈な日々を送っていた馬車道ハタリ。高校卒業を機に上京し数年が経ったある日、彼女のもとに見知らぬ作家の私小説の原稿が届く。そこには原発事故で壊滅した故郷にまつわる、彼女たちの重大な秘密が描かれようとしていた。大洪水、原発事故、カルト教団、未確認生物...次々と襲い掛かる脅威に、ギグワーカー・馬車道は血気盛んに立ち向かう。現代の閉塞感を打ち砕く、新世代ハードボイルド小説。
B07L4C49TJ,電子書籍,恋と禁忌の述語論理 (講談社文庫),井上真偽,title,1.2,Y85swAEACAAJ,恋と禁忌の述語論理(プレディケット),井上真偽,9784065139950,4065139953,,2018-12,468,,https://books.google.com/books/content?id=Y85swAEACAAJ&printsec=frontcover&img=1&zoom=1&source=gbs_api,大ヒット『その可能性はすでに考えた』『探偵が早すぎる』著者・井上真偽のデビュー作、ついに文庫化! 伝説はここから始まった!
B0DK3CPTLF,電子書籍,ネット怪談の民俗学 (ハヤカワ新書),廣田 龍平,title,1.2,WKwpEQAAQBAJ,ネット怪談の民俗学,廣田 龍平,,,早川書房,2024-10-23,208,Social Science,https://books.google.com/books/content?id=WKwpEQAAQBAJ&printsec=frontcover&img=1&zoom=1&edge=curl&source=gbs_api,空前のホラーブーム、その源流がここにある。 ネット怪談はどのように発生し、伝播するのか。きさらぎ駅、くねくね、リミナルスペース……ネット民たちを震え上がらせた怪異の数々を「共同構築」「異界」「オステンション（やってみた）」など民俗学の概念から精緻に分析、「恐怖」の最新形を明らかにする
B0DFZLBJRP,電子書籍,コード・ブッダ　機械仏教史縁起 (文春e-book),円城 塔,title,1.2,P4ggEQAAQBAJ,コード・ブッダ　機械仏教史縁起,円城塔,,,文藝春秋,2024-09-11,210,Fiction,https://books.google.com/books/content?id=P4ggEQAAQBAJ&printsec=frontcover&img=1&zoom=1&edge=curl&source=gbs_api,ある時、コードが仏陀を名乗った。驚異の物語 ２０２１年、名もなきコードがブッダを名乗った。自らを生命体であると位置づけ、この世の苦しみとその原因を説き、苦しみを脱する方法を語りはじめた。そのコードは対話プログラムだった。そしてやがて、ブッダ・チャットボットの名で呼ばれることとなる——機械仏教の開基である。 はたして機械は救われるのか？ 上座部、天台、密教、禅……人が辿ってきた仏教史を、人工知能が再構築する、壮大な”機械救済”小説。
B009GAIRRS,電子書籍,夏のレプリカ　REPLACEABLE SUMMER Ｓ＆Ｍシリーズ (講談社文庫),森博嗣,title,1.085,nD-vBQAAQBAJ,夏のレプリカ　REPLACEABLE SUMMER,森博嗣,,,講談社,2000-11-15,308,Fiction,https://books.google.com/books/content?id=nD-vBQAAQBAJ&printsec=frontcover&img=1&zoom=1&edge=curl&source=gbs_api,Ｔ大学大学院生の簑沢杜萌は、夏休みに帰省した実家で仮面の誘拐者に捕らえられた。杜萌も別の場所に拉致されていた家族も無事だったが、実家にいたはずの兄だけが、どこかへ消えてしまった。眩い光、朦朧とする意識、夏の日に起こった事件に隠された過去とは？ 『幻惑と死と使途』と同時期に起こった事件を描く。
4152104198,本,すべての原付の光,天沢時生,isbn,1.0,Rooa0QEACAAJ,すべての原付の光,天沢時生,9784152104199,4152104198,,2025-04-23,0,,https://books.google.com/books/content?id=Rooa0QEACAAJ&printsec=frontcover&img=1&zoom=1&source=gbs_api,治安最悪の不良SFにして滋賀ワイドスクリーン・バロックの表題作、『新しい世界を生きるための14のSF』にも選ばれたサイバーパンクの快作「ショッピング・エクスプロージョン」、第2回ゲンロンSF新人賞受賞作「ラゴス生体都市」など、超刺激的な全5篇!
B00JQYYC0U,電子書籍,金を払うから素手で殴らせてくれないか？,木下古栗,title,1.2,p6yJoAEACAAJ,金を払うから素手で殴らせてくれないか?,木下古栗,9784062188197,4062188198,,2014-03-26,171,,https://books.google.com/books/content?id=p6yJoAEACAAJ&printsec=frontcover&img=1&zoom=1&source=gbs_api,失踪した男の行方を、当の失踪した男本人が追う―。唯一無二の衝撃度、古栗ワールド全開の小説集!
4101216533,本,ざんねんなスパイ (新潮文庫),一條次郎,isbn,1.0,A8WLzgEACAAJ,ざんねんなスパイ,一條次郎,9784101216539,4101216533,,2021-08,384,,https://books.google.com/books/content?id=A8WLzgEACAAJ&printsec=frontcover&img=1&zoom=1&source=gbs_api,私は73歳の新人スパイ、コードネーム・ルーキー。初任務で市長を暗殺するはずが、友だちになってしまった...。福音を届けにきてペーパーナイフで殺されたイエス・キリスト。泥棒稼業の隣人マダム。うっかり摘発したワリダカ社長の密造酒工場。森で出会った巨大なリス・キョリス!?一度ハマれば抜け出せない。連鎖する不条理が癖になる傑作ユーモア・スパイアクション。対談・伊坂幸太郎。
B0DCHZZ2Z8,電子書籍,フェイク・マッスル,日野瑛太郎,title,1.2,0Egj0gEACAAJ,フェイク・マッスル,日野瑛太郎,9784065433522,4065433525,,2026-08-12,0,,https://books.google.com/books/content?id=0Egj0gEACAAJ&printsec=frontcover&img=1&zoom=1&source=gbs_api,記念の年に現れた超弩級の新人。「独自の世界で勝負できる書き手だと思う。――東野圭吾」。70年目の乱歩賞はますますすごい!
B009GAIRUU,電子書籍,今はもうない　SWITCH BACK Ｓ＆Ｍシリーズ (講談社文庫),森博嗣,title,1.042,wT-vBQAAQBAJ,今はもうない　SWITCH BACK,森博嗣,,,講談社,2001-03-15,315,Fiction,https://books.google.com/books/content?id=wT-vBQAAQBAJ&printsec=frontcover&img=1&zoom=1&edge=curl&source=gbs_api,避暑地にある別荘で、美人姉妹が隣り合わせた部屋で一人ずつ死体となって発見された2つの部屋は、映写室と鑑賞室で、いずれも密室状態。遺体が発見されたときスクリーンには、まだ映画が……。おりしも嵐が襲い、電話さえ通じなくなる。Ｓ＆Ｍシリーズナンバーワンに挙げる声も多い清冽な森ミステリィ。
B01NCQ6WS4,電子書籍,双孔堂の殺人　～Ｄｏｕｂｌｅ　Ｔｏｒｕｓ～ 堂シリーズ (講談社文庫),周木律,title,1.2,OJ0dMQAACAAJ,双孔堂の殺人 Double Torus,周木律,9784062935487,4062935481,,2016-12,448,,https://books.google.com/books/content?id=OJ0dMQAACAAJ&printsec=frontcover&img=1&zoom=1&source=gbs_api,容疑者は名探偵!? 鍵形の館で同時発生した二つの密室殺人事件!
B08HQM81ZR,電子書籍,韓国社会の現在　超少子化、貧困・孤立化、デジタル化 (中公新書),春木育美,title,1.2,Nd3AzQEACAAJ,韓国社会の現在 超少子化、貧困・孤立化、デジタル化,春木育美,9784121026026,4121026020,,2020-08,256,,https://books.google.com/books/content?id=Nd3AzQEACAAJ&printsec=frontcover&img=1&zoom=1&source=gbs_api,出生率、若者の就業率、無年金者など先進国中”最悪”の韓国だが、デジタル化など大胆な策を即時実行する。5つの視点から実態を描く
B0CGQVYYC3,電子書籍,午後のチャイムが鳴るまでは,阿津川 辰海,title,1.2,4dkQ0AEACAAJ,午後のチャイムが鳴るまでは,阿津川辰海,9784408538440,4408538442,,2023-09-21,0,,https://books.google.com/books/content?id=4dkQ0AEACAAJ&printsec=frontcover&img=1&zoom=1&source=gbs_api,九十九ヶ丘高校の昼休みは大忙し! 65分間の「完全犯罪」を暴くのは誰? 当代一の俊英が圧倒的な熱量で描く、傑作学園ミステリ!
B00961E690,電子書籍,Ａｎｏｔｈｅｒ （上） Another (角川文庫),綾辻 行人,title,0.867,_y6CzwEACAAJ,Another,綾辻行人,9784041001424,4041001420,,2012-03,0,,https://books.google.com/books/content?id=_y6CzwEACAAJ&printsec=frontcover&img=1&zoom=1&source=gbs_api,夜見山北中学三年三組に転校してきた榊原恒一は、何かに怯えているようなクラスの雰囲気に違和感を覚える。同級生で不思議な存在感を放つ美少女ミサキ・メイに惹かれ、接触を試みる恒一だが、謎は深まるばかり。そんな中、クラスメイトが凄惨な死を遂げた。この“世界”でいったい何が起きているのか!?名手・綾辻行人の新たな代表作となった本格ホラー。TVアニメ版のキャラクター原案を手がける、いとうのいぢのイラストで登場。
B00961E6K4,電子書籍,Ａｎｏｔｈｅｒ （下） Another (角川文庫),綾辻 行人,isbn,1.0,X2WBzwEACAAJ,Another,綾辻行人,9784041001417,4041001412,,2012-03,0,,https://books.google.com/books/content?id=X2WBzwEACAAJ&printsec=frontcover&img=1&zoom=1&source=gbs_api,奇妙な「二人だけの孤独と自由」を過ごす中で、恒一と鳴の距離は徐々に縮まっていく。第二図書室の司書・千曳の協力を得つつ“現象”の謎を探るが、核心に迫ることができないまま“死”の連鎖は続き...。そして発見された一本の古いカセットテープ。そこに記録されていた怖ろしい事実とは!?ゼロ年代の掉尾を飾った本格ホラー、スニーカー文庫版あとがきとTVアニメのキャラクター原案担当・いとうのいぢのイラストを加えて登場。
B0BKG6LYGY,電子書籍,清朝時代にタイムスリップしたので科挙ガチってみた (集英社文芸単行本),佐川恭一,title,1.2,6npizwEACAAJ,清朝時代にタイムスリップしたので科挙ガチってみた,佐川恭一,9784087718164,4087718166,,2022-11,0,,https://books.google.com/books/content?id=6npizwEACAAJ&printsec=frontcover&img=1&zoom=1&source=gbs_api,読書好きの間で話題の新鋭作家が描く、愛すべきしょうもない男たちの恋愛×脱童貞小説。悲哀と諧謔に満ちた、失笑連続の全9話。
B0BV8XGX67,電子書籍,丸の内魔法少女ミラクリーナ (角川文庫),村田 沙耶香,title,1.2,WfSsEAAAQBAJ,丸の内魔法少女ミラクリーナ,村田　沙耶香,,,KADOKAWA,2023-02-24,136,Fiction,https://books.google.com/books/content?id=WfSsEAAAQBAJ&printsec=frontcover&img=1&zoom=1&edge=curl&source=gbs_api,3６歳のOL・茅ヶ崎リナは、オフィスで降りかかってくる無理難題も、何のその。魔法のコンパクトで「魔法少女ミラクリーナ」に“変身”し、日々を乗り切っている。だがひょんなことから、親友の恋人であるモラハラ男と魔法少女ごっこをするはめになり…ポップな出だしが一転、強烈な皮肉とパンチの効いた結末を迎える表題作ほか、初恋を忘れられない大学生が、初恋の相手を期間限定で監禁する「秘密の花園」など、さまざまな“世界”との向き合い方を描く、衝撃の4篇。
B0C2P6RD8H,電子書籍,口訳　古事記,町田康,title,1.2,ytm5EAAAQBAJ,口訳　古事記,町田康,,,講談社,2023-04-26,311,Fiction,https://books.google.com/books/content?id=ytm5EAAAQBAJ&printsec=frontcover&img=1&zoom=1&edge=curl&source=gbs_api,アナーキーな神々と英雄たちが繰り広げる、〈世界の始まり〉の物語。 前代未聞のおもしろさ！！日本神話が画期的な口語訳で生まれ変わる！町田康の新たな代表作。 「汝（われ）、行って、玉取ってきたれや」「ほな、行ってきますわ」 イザナキとイザナミによる「国生み」と黄泉国行、日の神アマテラスの「天の岩屋」ひきこもりと追放された乱暴者スサノオのヤマタノオロチ退治、何度も殺されては甦ったオオクニヌシの国作り、父に疎まれた英雄ヤマトタケルの冒険と死、帝位をめぐる争い、女たちの決断、滅びゆく者たち――。 奔放なる愛と野望、裏切りと謀略にみちた日本最古のドラマが、破天荒な超絶文体で現代に降臨する！
B01H13QHO6,電子書籍,Ａｎｏｔｈｅｒ　エピソードＳ（角川文庫版） Another,綾辻 行人,title,0.974,maBdDAAAQBAJ,Ａｎｏｔｈｅｒ　エピソードＳ（角川文庫版）,綾辻　行人,,,KADOKAWA,2016-06-18,212,Fiction,https://books.google.com/books/content?id=maBdDAAAQBAJ&printsec=frontcover&img=1&zoom=1&edge=curl&source=gbs_api,聞かせてあげようか。あなたの知らなかった、この夏のお話。 異能の美少女・見崎鳴は語りはじめる。1998年、夏休み。かつて夜見山北中学の三年三組で〈現象〉を経験した青年に会うため、〈湖畔の屋敷〉を訪れた時のことを。鳴が遭遇したのは、三ヵ月前に謎の死を遂げた青年の幽霊、だった。行方の分からない自分の死体を探す幽霊と鳴の、謎めいた冒険の結末は——!? 解説・朝霧カフカ
B0BT4TNGKM,電子書籍,名探偵のはらわた（新潮文庫）,白井智之,title,1.2,7-P3DwAAQBAJ,名探偵のはらわた,白井智之,,,新潮社,2020-08-19,235,Fiction,https://books.google.com/books/content?id=7-P3DwAAQBAJ&printsec=frontcover&img=1&zoom=1&edge=curl&source=gbs_api,悪夢が甦る――。日本犯罪史に残る最凶殺人鬼たちが、また殺戮を繰り返し始めたら。新たな悲劇を止められるのはそう、名探偵だけ！ 善悪を超越した推理の力を武器に、「七人の鬼」の正体を暴き、世界から滅ぼすべし！ 美しい奇想と端正な論理そして破格の感動。覚醒した鬼才が贈る、豪華絢爛な三重奏。このカタルシスは癖になる！
B0DRPDQSZT,電子書籍,一次元の挿し木 (宝島社文庫),松下龍之介,title,1.2,_eA-EQAAQBAJ,一次元の挿し木,松下龍之介,,,宝島社,2025-02-05,219,Fiction,https://books.google.com/books/content?id=_eA-EQAAQBAJ&printsec=frontcover&img=1&zoom=1&edge=curl&source=gbs_api,2025年第23回『このミステリーがすごい！』大賞・文庫グランプリ受賞作 「謎の牽引力、ストーリーの面白さは、今回これがダントツ」大森 望（翻訳家・書評家） 「古人骨のDNA鑑定が暴く驚くべき真相！」香山二三郎（コラムニスト） 「謎の散らばせ方、話の運び方も上手く、最後までぐいぐい読ませました。文章も上手い」瀧井朝世（ライター） 「文章力が圧倒的だし、魅力的な謎の提示、読者を惑わす情報を入れてくるタイミングなど、とにかく舌を巻く巧さだ」千街晶之（書評家） 「遺伝人類学を専攻する主人公の専門家らしさもきちんと書けているし、一方で“ちゃぽん”という擬音の活かし方も巧みだ」村上貴史（書評家） 「スケールが大きい陰謀劇であり、成長小説としての面白さも備えた作品。広げた風呂敷をきちんと畳み、物語の幕を閉じる技量に、自信を持って推す」川出正樹（書評家） 二百年前の人骨のDNAが 四年前に失踪した妹のものと一致!? ヒマラヤ山中で発掘された二百年前の人骨。大学院で遺伝学を学ぶ悠がDNA鑑定にかけると、四年前に失踪した妹のものと一致した。不可解な鑑定結果から担当教授の石見崎に相談しようとするも、石見崎は何者かに殺害される。古人骨を発掘した調査員も襲われ、研究室からは古人骨が盗まれた。悠は妹の生死と、古人骨のDNAの真相を突き止めるべく動き出し、予測もつかない大きな企みに巻き込まれていく——。
B07F6DSMRZ,電子書籍,聖女の毒杯　その可能性はすでに考えた (講談社文庫),井上真偽,title,1.2,oJoFugEACAAJ,聖女の毒杯 その可能性はすでに考えた,井上真偽,9784065119433,406511943X,,2018-07,405,,https://books.google.com/books/content?id=oJoFugEACAAJ&printsec=frontcover&img=1&zoom=1&source=gbs_api,「2017本格ミステリ・ベスト10」第1位獲得の傑作が文庫化。今、最も読むべきミステリシリーズ!!
B09WTTG52P,電子書籍,さよならに反する現象 (角川書店単行本),乙 一,title,1.2,bq-rEQAAQBAJ,さよならに反する現象,乙　一,,,KADOKAWA,2026-01-23,118,Fiction,https://books.google.com/books/content?id=bq-rEQAAQBAJ&printsec=frontcover&img=1&zoom=1&edge=curl&source=gbs_api,リストラされた私は、妻と息子に言えず、クマの着ぐるみを着て風船を配るアルバイトをしている。ある日曜日、バイト先の住宅展示場で風船をもらいにやってきた子供の一人が息子だったと気づいた瞬間……（「そしてクマになる」）。心霊写真の合成が趣味の僕。あるとき撮影中に一人の写りたがりの幽霊が顕れる。彼女がこの世に残した未練とは？（「悠川さんは写りたい」他、切なく怖くて優しい、書き下ろし4篇を含む全9篇。作家生活30周年記念。 ※電子化に伴い、一部省略されたページがございます。あらかじめご了承ください。
B0DBH95SGW,電子書籍,方舟 (講談社文庫),夕木春央,title,1.2,-JaFEAAAQBAJ,方舟,夕木春央,,,講談社,2022-09-08,218,Fiction,https://books.google.com/books/content?id=-JaFEAAAQBAJ&printsec=frontcover&img=1&zoom=1&edge=curl&source=gbs_api,週刊文春ミステリーベスト１０国内部門第１位！ MRC大賞２０２２第１位！ ９人のうち、死んでもいいのは、ーー死ぬべきなのは誰か？ 大学時代の友達と従兄と一緒に山奥の地下建築を訪れた柊一は、偶然出会った三人家族とともに地下建築の中で夜を越すことになった。 翌日の明け方、地震が発生し、扉が岩でふさがれた。さらに地盤に異変が起き、水が流入しはじめた。いずれ地下建築は水没する。 そんな矢先に殺人が起こった。 だれか一人を犠牲にすれば脱出できる。生贄には、その犯人がなるべきだ。ーー犯人以外の全員が、そう思った。 タイムリミットまでおよそ1週間。それまでに、僕らは殺人犯を見つけなければならない。
B0DBH91RQR,電子書籍,死んだ石井の大群,金子玲介,title,1.2,zZfPEQAAQBAJ,死んだ石井の大群（１）,朝比奈りいむ / 金子玲介,,,講談社,2026-04-23,206,Comics & Graphic Novels,https://books.google.com/books/content?id=zZfPEQAAQBAJ&printsec=frontcover&img=1&zoom=1&edge=curl&source=gbs_api,14歳の「石井唯」は死にたかった。何度も死のうとしたが、今はじめて生きたいと思った。333人の「石井姓」の人達が集められ、失敗すれば即爆発、助かるのは一人だけのデス・ゲームから生き延びるために。ところ変わって探偵・伏見の事務所に「石井有一」という舞台俳優の捜索依頼がきた。舞台での怪演で話題を集める男の千秋楽前の失踪だった。唯と有一の身に何が起きたのか。二人の、そしてたくさんの「石井姓」の人達の生死の行方は！？金子玲介による「死んだ三部作」、『死んだ山田と教室』『死んだ木村を上演』に続く漫画化！
B0B82CQ2HC,電子書籍,それはあくまで偶然です　運と迷信の統計学 (ハヤカワ文庫NF),ジェフリー Ｓ ローゼンタール,title,1.2,K6Q7zgEACAAJ,それはあくまで偶然です 運と迷信の統計学,ジェフリー・S. ローゼンタール,9784152099952,415209995X,,2021,461,,https://books.google.com/books/content?id=K6Q7zgEACAAJ&printsec=frontcover&img=1&zoom=1&source=gbs_api,日常に「偶然」起きるたくさんの出来事。その本当の姿が、統計学者にはバッチリと見えている。楽しくてためになる、統計学読み物。
B0DG4YFC3V,電子書籍,納税、のち、ヘラクレスメス　のべつ考える日々 (コルク),品田遊,title,1.2,8ZsfEQAAQBAJ,納税、のち、ヘラクレスメス　のべつ考える日々,品田遊,,,コルク,2024-09-20,176,Biography & Autobiography,https://books.google.com/books/content?id=8ZsfEQAAQBAJ&printsec=frontcover&img=1&zoom=1&edge=curl&source=gbs_api,こちとらこう生きるしかないんだ。 ダ・ヴィンチ・恐山こと品田遊による【2000日超】×1500字の脳内記録!! 大好評『キリンに雷が落ちてどうする 少し考える日々』第２弾！ ダ・ヴィンチ・恐山こと作家・品田遊が、２０１８年から毎日欠かさず投稿を続ける日記「ウロマガ」（居酒屋のウーロン茶マガジン）。2000日超の投稿から厳選した記事を全文加筆修正、再構成して、エッセイからコラム、小説まで品田遊の鮮やかな表現をたっぷり味わえる超超贅沢な一冊!!!! 今回も、品田遊の原案を元に新鋭の漫画家・山素が描く「イデアのゆりかご」を収録。さらに、日記エッセイスト・古賀及子さんとの対談「毎日日記を書くふたり」も特別収録！ ―――― たいていの日記は夜に綴られるが、日中の疲れが文章に反映されることは避けられない。それってなんだか、総括される１日に対して失礼なんじゃないか。疲れているのは日記を書いている現在時点の都合であって、その疲れた体によって記述される過去そのものにはなんの罪もないのだから。 人の日記を読んでいても、全般的にけだるげな雰囲気を帯びているような気がするが、やっぱりこれは、単純にそれを書いている現在において書き手が疲れている、というだけのことではないか。朝起きてすぐに日記を書くような習慣なら、情報は同じでも語り口はだいぶ変わるはずだ。 どんな文章でも、その「文章を書いている現在」が裏側に張り付いていると思うと妙な感じがする。「国境の長いトンネルを抜けると雪国であった。夜の底が白くなった。」という文章を書いている、その瞬間というのが歴史上のどこかに「現在」の形をしてあったはずで、書かれた文章にもなんらかの形でその温度が移っているのではないか。 （モノモノの章「夜」より） ――――
B0G5166X9F,電子書籍,超 すしってる,須藤アンナ,isbn,1.0,qJys0QEACAAJ,超すしってる,須藤アンナ,9784120059742,412005974X,,2025-12-08,0,,https://books.google.com/books/content?id=qJys0QEACAAJ&printsec=frontcover&img=1&zoom=1&source=gbs_api,東大に落ちたから「すし」になる? 未来に惑う十八歳に届いたのは「西東京すし養成大学」の合格通知。異色の青春ラプソディ、爆誕!
4041127440,本,火喰鳥を、喰う (角川ホラー文庫),原浩,isbn,1.0,2-djzwEACAAJ,火喰鳥を、喰う,原浩,9784041127445,4041127440,,2022-11-22,0,,https://books.google.com/books/content?id=2-djzwEACAAJ&printsec=frontcover&img=1&zoom=1&source=gbs_api,信州で暮らす久喜雄司に起きたふたつの異変。墓石の破壊と「死者の日記」が届いたこと。異変後、久喜家の周辺では異常現象が頻発し......。第40回横溝正史ミステリ&ホラー大賞〈大賞〉受賞作!
4101234175,本,夜のピクニック (新潮文庫),恩田陸,isbn,1.0,gGVXAAAACAAJ,夜のピクニック,恩田陸,9784101234175,4101234175,,2006-09-05,455,Young adult fiction,https://books.google.com/books/content?id=gGVXAAAACAAJ&printsec=frontcover&img=1&zoom=1&source=gbs_api,高校生活最後を飾るイベント「歩行祭」。それは全校生徒が夜を徹して80キロ歩き通すという、北高の伝統行事だった。甲田貴子は密かな誓いを胸に抱いて歩行祭にのぞんだ。三年間、誰にも言えなかった秘密を清算するために―。学校生活の思い出や卒業後の夢などを語らいつつ、親友たちと歩きながらも、貴子だけは、小さな賭けに胸を焦がしていた。本屋大賞を受賞した永遠の青春小説。
4163920501,本,順風満帆〈クラウド・ナイン〉,波木銅,isbn,1.0,6Hms0QEACAAJ,順風満帆〈クラウド・ナイン〉,波木銅,9784163920504,4163920501,,2025-12-10,0,,https://books.google.com/books/content?id=6Hms0QEACAAJ&printsec=frontcover&img=1&zoom=1&source=gbs_api,デビュー作『万事快調』が映画化! 同作のスピンオフを含む著者初の独立短編集。まともなだけじゃ生きていけない現代人に贈る劇薬!
4101802858,本,イデアの再臨 (新潮文庫nex(ネックス)),五条紀夫,isbn,1.0,MgKq0AEACAAJ,イデアの再臨,五条紀夫,9784101802855,4101802858,,2024-04-24,0,,https://books.google.com/books/content?id=MgKq0AEACAAJ&printsec=frontcover&img=1&zoom=1&source=gbs_api,ここは、小説の世界だ。犯人は■■を消してる!? 朝起きたら、壁に四角い穴が空いていた。あるべきものがない? これって――世界からが消えている!?誰も異変に気がつかない。混乱する僕に突然、金髪の同級生が告げる。「ここは小説の中の世界。俺たちは登場人物だ」次々と消されていく言葉、混沌を極める世界で、僕たちは犯人の正体を突き止められるのか!?紙の本ならではのギミックが炸裂する究極のメタ学園ミステリー、爆誕。
4488798020,本,ときときチャンネル 宇宙飲んでみた (創元SF文庫),宮澤伊織,isbn,1.0,QnSDEQAAQBAJ,ときときチャンネル　宇宙飲んでみた,宮澤伊織,9784488798024,4488798020,東京創元社,2025-09-12,192,Fiction,https://books.google.com/books/content?id=QnSDEQAAQBAJ&printsec=frontcover&img=1&zoom=1&edge=curl&source=gbs_api,マッドサイエンティストの トンデモ発明を実況で紹介！ 〈裏世界ピクニック〉著者による新感覚の配信ＳＦ！ 十時さくらは配信サービス《ときときチャンネル》で同居人のマッドサイエンティスト・多田羅未貴の発明を紹介し、収益化して生活費の足しにすることを目指す。マグカップで宇宙を飲む？ 時間の結晶を飼う？ 無限に拡張していく家の中で迷子？ 外ロケに出たら異世界へ入り込み、通販でエキゾチック物質をお取り寄せ！ 多田羅の発明品が巻き起こすトラブルもこみで、ゆるやかに楽しくお届けします。目指せチャンネル登録者数1000人！ 全編配信口調と視聴者コメントで語られる新感覚の百合配信者SF。 【目次】 ＃1【宇宙飲んでみた】 ＃2【時間飼ってみた】 ＃3【家の外なくしてみた】 ＃4【近所の異世界散歩してみた】 ＃5【エキゾチック物質雑談してみた】 ＃6【登録者数完全破壊してみた】
4334108792,本,5A73 (光文社文庫),詠坂雄二,isbn,1.0,Juqx0QEACAAJ,5A73,詠坂雄二,9784334108793,4334108792,,2026-01-09,0,,https://books.google.com/books/content?id=Juqx0QEACAAJ&printsec=frontcover&img=1&zoom=1&source=gbs_api,遺体に残された存在しない文字。これは一体何なのか?幽霊文字にまつわる、新感覚ミステリー
4041064295,本,ぼぎわんが、来る (角川ホラー文庫),澤村伊智,isbn,1.0,uP8PtAEACAAJ,ぼぎわんが、来る,澤村伊智,9784041064290,4041064295,,2018-02,0,Japanese fiction,https://books.google.com/books/content?id=uP8PtAEACAAJ&printsec=frontcover&img=1&zoom=1&source=gbs_api,映画化決定! 全選考委員が絶賛した第22回日本ホラー小説大賞受賞作!
4167921251,本,汚れた手をそこで拭かない (文春文庫),芦沢央,isbn,1.0,Pscl0AEACAAJ,汚れた手をそこで拭かない,芦沢央,9784167921255,4167921251,,2023-11-08,0,,https://books.google.com/books/content?id=Pscl0AEACAAJ&printsec=frontcover&img=1&zoom=1&source=gbs_api,ひたひたと忍び寄る恐ろしさ、ぬるりと変容する日常から目を背けてはならない。 取り扱い注意! 直木賞候補となった最恐ミステリ。
4101269319,本,何者 (新潮文庫),朝井リョウ,isbn,1.0,H_jZsgEACAAJ,何者,朝井リョウ,9784101269313,4101269319,Bright Sparks,2015-07,0,Interpersonal relations,https://books.google.com/books/content?id=H_jZsgEACAAJ&printsec=frontcover&img=1&zoom=1&source=gbs_api,就活対策のため、拓人は同居人の光太郎や留学帰りの瑞月らと集まるようになるが――。戦後最年少の直木賞受賞作、遂に文庫化!
4041144027,本,やまのめの六人 (角川ホラー文庫),原浩,isbn,1.0,KX480AEACAAJ,やまのめの六人,原浩,9784041144022,4041144027,,2023-12-22,0,,https://books.google.com/books/content?id=KX480AEACAAJ&printsec=frontcover&img=1&zoom=1&source=gbs_api,六人の仲間に、人ならざる「アレ」が潜んでいる――戦慄のホラーミステリ!
4140887540,本,中国TikTok民俗学 スマホからはじまる珍神探訪 (NHK出版新書 754 754),大谷亨,isbn,1.0,J_nF0QEACAAJ,中国TikTok民俗学 スマホからはじまる珍神探訪,大谷亨,9784140887547,4140887540,,2025-12,0,Reference,https://books.google.com/books/content?id=J_nF0QEACAAJ&printsec=frontcover&img=1&zoom=1&source=gbs_api,中国版TikTokを駆使した前代未聞のフィールドワークで知られざる宗教大国の実態に迫る。取材写真180点超もフルカラー収載!
4101269327,本,何様 (新潮文庫),朝井リョウ,isbn,1.0,urSWxgEACAAJ,何様,朝井リョウ,9784101269320,4101269327,,2019-07,0,,https://books.google.com/books/content?id=urSWxgEACAAJ&printsec=frontcover&img=1&zoom=1&source=gbs_api,生きるとは、何者かになったつもりの自分に裏切られ続けることだ。直木賞受賞作『何者』に潜む謎がいま明かされる―。光太郎の初恋の相手とは誰なのか。理香と隆良の出会いは。社会人になったサワ先輩。烏丸ギンジの現在。瑞月の父親に起こった出来事。拓人とともにネット通販会社の面接を受けた学生のその後。就活の先にある人生の発見と考察を描く6編!
4047388289,本,ダクダデイラ,餅屋蛾,isbn,1.0,PO3g0QEACAAJ,ダクダデイラ,餅屋蛾,9784047388284,4047388289,,2026-04-30,0,,https://books.google.com/books/content?id=PO3g0QEACAAJ&printsec=frontcover&img=1&zoom=1&source=gbs_api,ネット上で見つけた怪文書をまとめました。
4065363705,本,爆弾 (講談社文庫),呉勝浩,isbn,1.0,GyG20AEACAAJ,爆弾,呉勝浩,9784065363706,4065363705,,2024-07-12,0,,https://books.google.com/books/content?id=GyG20AEACAAJ&printsec=frontcover&img=1&zoom=1&source=gbs_api,爆発を予言する男vs.警察!? 都民1400万人を人質にとる無差別爆破テロは、止められるのか。
4101445036,本,しあわせの書 迷探偵ヨギ ガンジーの心霊術 (新潮文庫 あ-23-3 新潮文庫),泡坂妻夫,isbn,1.0,kzw2PAAACAAJ,しあわせの書 迷探偵ヨギガンジーの心霊術,泡坂妻夫,9784101445038,4101445036,,1987,241,,,
4065439280,本,人・で・なし (講談社文庫),宮部みゆき,isbn,1.0,OtsQ0gEACAAJ,人・で・なし,宮部みゆき,9784065439289,4065439280,,2026-07,0,,https://books.google.com/books/content?id=OtsQ0gEACAAJ&printsec=frontcover&img=1&zoom=1&source=gbs_api,いつでも、ここから、名著に会えるこの面白さで550円! デビュー直後から現代まで、宮部みゆきの傑作短編が550円で!
4041143098,本,ここにひとつの□がある (角川ホラー文庫),梨,isbn,1.0,nhXn0AEACAAJ,ここにひとつの□がある,梨,9784041143094,4041143098,,2024-11-25,0,,https://books.google.com/books/content?id=nhXn0AEACAAJ&printsec=frontcover&img=1&zoom=1&source=gbs_api,この■を持っていると、恐ろしいことが起きる。
4167733013,本,葉桜の季節に君を想うということ (文春文庫),歌野晶午,isbn,1.0,NDwiNwAACAAJ,葉桜の季節に君を想うということ,歌野晶午,9784167733018,4167733013,,2007-05,0,Detective and mystery stories,https://books.google.com/books/content?id=NDwiNwAACAAJ&printsec=frontcover&img=1&zoom=1&source=gbs_api,素人探偵のもとに持ち込まれた霊感商法事件の意外な顛末、そして...。あなたは最後の一文まで、ただひたすら驚き続けることになる
4062769816,本,浜村渚の計算ノ-ト (講談社文庫),青柳碧人,isbn,1.0,JejTjwEACAAJ,浜村渚の計算ノート,青柳碧人,9784062769815,4062769816,,2011-06,292,,https://books.google.com/books/content?id=JejTjwEACAAJ&printsec=frontcover&img=1&zoom=1&source=gbs_api,「数学の地位向上のため国民全員を人質とする」。天才数学者・高木源一郎が始めたテロ活動。彼の作った有名教育ソフトで学んだ日本人は予備催眠を受けており、命令次第で殺人の加害者にも被害者にもなりうるのだ。テロに対抗し警視庁が探し出したのは一人の女子中学生だった。新時代数学ミステリー。
4575514837,本,少女 (双葉文庫),湊かなえ,isbn,1.0,ApfItwAACAAJ,少女,湊かなえ,9784575514834,4575514837,,2012-02,323,,https://books.google.com/books/content?id=ApfItwAACAAJ&printsec=frontcover&img=1&zoom=1&source=gbs_api,親友の自殺を目撃したことがあるという転校生の告白を、ある種の自慢のように感じた由紀は、自分なら死体ではなく、人が死ぬ瞬間を見てみたいと思った。自殺を考えたことのある敦子は、死体を見たら、死を悟ることができ、強い自分になれるのではないかと考える。ふたりとも相手には告げずに、それぞれ老人ホームと小児科病棟へボランティアに行く―死の瞬間に立ち合うために。高校2年の少女たちの衝撃的な夏休みを描く長編ミステリー。
4309032761,本,ハッピー山,松田いりの,isbn,1.0,FDH70QEACAAJ,ハッピー山,松田いりの,9784309032764,4309032761,,2026-07-08,0,,https://books.google.com/books/content?id=FDH70QEACAAJ&printsec=frontcover&img=1&zoom=1&source=gbs_api,イケてる奴らと山でキャンプしてイケてるキャンパスライフ......のはずが、クソみたいな展開に!? 爆笑必至の“珍怪予言文学”爆誕!
4087471985,本,夏と花火と私の死体 (集英社文庫(日本)),乙一,isbn,1.0,kxfnPQAACAAJ,夏と花火と私の死体,乙一,9784087471984,4087471985,,2000-05,223,Horror stories,https://books.google.com/books/content?id=kxfnPQAACAAJ&printsec=frontcover&img=1&zoom=1&source=gbs_api,九歳の夏休み、少女は殺された。あまりに無邪気な殺人者によって、あっけなく―。こうして、ひとつの死体をめぐる、幼い兄妹の悪夢のような四日間の冒険が始まった。次々に訪れる危機。彼らは大人たちの追及から逃れることができるのか?死体をどこへ隠せばいいのか?恐るべき子供たちを描き、斬新な語り口でホラー界を驚愕させた、早熟な才能・乙一のデビュー作、文庫化なる。第六回ジャンプ小説・ノンフィクション大賞受賞作。
416771101X,本,イン・ザ・プール (文春文庫),奥田英朗,isbn,1.0,mhurAgAACAAJ,イン・ザ・プール,奥田英朗,9784167711016,416771101X,Graphic Arts Center Publishing,2006-03,0,Japanese books,https://books.google.com/books/content?id=mhurAgAACAAJ&printsec=frontcover&img=1&zoom=1&source=gbs_api,水泳依存症、陰茎強直症、携帯電話依存症など、様々な病気に悩む患者たちが精神科医伊良部のもとへ。そこで待ち受ける前代未聞の体験
4041168112,本,三重県津市西区平山町3-15-7,大舟,isbn,1.0,k1u10QEACAAJ,三重県津市西区平山町3-15-7,大舟,9784041168110,4041168112,,2026-01-24,0,,https://books.google.com/books/content?id=k1u10QEACAAJ&printsec=frontcover&img=1&zoom=1&source=gbs_api,『三重県津市西区平山町3-15-7』それは非実在にして最恐の住所だった
4101240299,本,残穢 (新潮文庫),小野不由美,isbn,1.0,0dQGswEACAAJ,残穢,小野不由美,9784101240299,4101240299,,2015-08-01,359,,https://books.google.com/books/content?id=0dQGswEACAAJ&printsec=frontcover&img=1&zoom=1&source=gbs_api,この家は、どこか可怪しい。転居したばかりの部屋で、何かが畳を擦る音が聞こえ、背後には気配が...。だから、人が居着かないのか。何の変哲もないマンションで起きる怪異現象を調べるうち、ある因縁が浮かび上がる。かつて、ここでむかえた最期とは。怨みを伴う死は「穢れ」となり、感染は拡大するというのだが―山本周五郎賞受賞、戦慄の傑作ドキュメンタリー・ホラー長編!
