isbn,title,title_kana,subtitle,volume,series,author,authors,publisher,pubdate,pages,price,ccode,c_target,c_form,c_genre,cover,description,toc
9784040723471,ザ・ビデオ・ゲーム・ウィズ・ノーネーム = The video game with no name,ザ ビデオ ゲーム ウィズ ノー ネーム,,,,"赤野,工作","赤野, 工作",KADOKAWA,201706,,1200,,,,,,,
9784046051684,奇書の世界史. 2,キショ ノ セカイシ,,,,"三崎,律日,1990-","三崎, 律日, 1990-",KADOKAWA,202203,,1600,,,,,,,"歴史を動かす""もっとヤバい書物""の物語"
9784103364726,「全世界史」講義 = Complete History of the World : 教養に効く!人類5000年史 1 (古代・中世編),ゼンセカイシ コウギ : キョウヨウ ニ キク ジンルイ ゴセンネンシ,,,,"出口,治明,1948-","出口, 治明, 1948-",新潮社,201601,,1400,,,,,,,
9784152100207,三体. 3[上],サンタイ,,,,"劉,慈欣,1963- 大森,望,1961- 光吉,さくら ワン,チャイ 泊,功","劉, 慈欣, 1963- / 大森, 望, 1961- / 光吉, さくら / ワン, チャイ / 泊, 功",早川書房,202105,,1900,,,,,,,死神永生. 上
9784152100214,三体. 3[下],サンタイ,,,,"劉,慈欣,1963- 大森,望,1961- 光吉,さくら ワン,チャイ 泊,功","劉, 慈欣, 1963- / 大森, 望, 1961- / 光吉, さくら / ワン, チャイ / 泊, 功",早川書房,202105,,1900,,,,,,,死神永生. 下
9784863113411,SF作家の地球旅行記,エスエフ サッカ ノ チキュウ リョコウキ,,,,"柞刈,湯葉","柞刈, 湯葉",産業編集センター,202209,,1600,,,,,,,
9784344405134,リアル鬼ごっこ,リアル オニゴッコ,,,幻冬舎文庫,"山田,悠介,1981-","山田, 悠介, 1981-",幻冬舎,200404,,533,,,,,,,
9784101216522,動物たちのまーまー,ドウブツタチ ノ マーマー,,い-133-2,新潮文庫,"一條,次郎,1974-","一條, 次郎, 1974-",新潮社,202003,,630,,,,,,,テノリネコ アンラクギョ 貝殻プールでまちあわせ 採って穫って盗りまくれ まぼろしの地球音楽 ヘルメット・オブ・アイアン ベイシー伯爵のキラー入れ歯
9784101240541,風の海迷宮の岸,カゼ ノ ウミ メイキュウ ノ キシ,,お-37-54. 十二国記,新潮文庫,"小野,不由美,1960-","小野, 不由美, 1960-",新潮社,201210,,630,,,,,,,
9784396614379,ヘンな日本美術史,ヘン ナ ニホン ビジュツシ,,,,"山口,晃,1969-","山口, 晃, 1969-",祥伝社,201211,,1800,,,,,,,
9784101240510,魔性の子,マショウ ノ コ,,お-37-51. 十二国記,新潮文庫,"小野,不由美,1960-","小野, 不由美, 1960-",新潮社,201207,,670,,,,,,,
9784101240558,東の海神西の滄海,ヒガシ ノ ワダツミ ニシ ノ ソウカイ,,お-37-55. 十二国記,新潮文庫,"小野,不由美,1960-","小野, 不由美, 1960-",新潮社,201301,,590,,,,,,,
9784087474398,白夜行,ビャクヤコウ,,,集英社文庫,"東野,圭吾,1958-","東野, 圭吾, 1958-",集英社,200205,,1000,,,,,,,
9784150314545,万博聖戦,バンパク セイセン,,1454,ハヤカワ文庫 JA,"牧野,修,1958-","牧野, 修, 1958-",早川書房,202011,,1140,,,,,,,
9784101250311,首折り男のための協奏曲,クビオリオトコ ノ タメ ノ キョウソウキョク,,い-69-11,新潮文庫,"伊坂,幸太郎,1971-","伊坂, 幸太郎, 1971-",新潮社,201612,,670,,,,,,,"首折り男の周辺
濡れ衣の話
僕の舟
人間らしく
月曜日から逃げろ
相談役の話
合コンの話"
9784575513448,告白,コクハク,,み-21-01,双葉文庫,"湊,かなえ","湊, かなえ",双葉社,201004,,619,,,,,,,
9784101250335,クジラアタマの王様,クジラアタマ ノ オウサマ,,い-69-13,新潮文庫,"伊坂,幸太郎,1971-","伊坂, 幸太郎, 1971-",新潮社,202207,,750,,,,,,,
9784904292778,玄関の覗き穴から差してくる光のように生まれたはずだ,ゲンカンノノゾキアナカラサシテクルヒカリノヨウニウマレタハズダ,,,,木下龍也／著 岡野大嗣／著,木下龍也 / 岡野大嗣,ナナロク社,20180107,136,1400,0092,一般,単行本,文学,https://cover.openbd.jp/9784904292778.jpg,男子高校生ふたりの七日間をふたりの歌人が短歌で描いた物語、二一七首のミステリー。最注目の新世代歌人、初の共著。,
9784101017624,はるか,ハルカ,,や-81-2,新潮文庫,"宿野,かほる","宿野, かほる",新潮社,202110,,550,,,,,,,
9784591175064,ライオンのおやつ,ライオン ノ オヤツ,,お5-5,ポプラ文庫,"小川,糸","小川, 糸",ポプラ社,202210,,720,,,,,,,
9784065281499,汝、星のごとく,ナンジ ホシ ノ ゴトク,,,,"凪良,ゆう","凪良, ゆう",講談社,202208,,1600,,,,,,,
9784750517674,わたしは「ひとり新聞社」,ワタシハヒトリシンブンシャ,岩手県大槌町で生き、考え、伝える,,,菊池由貴子／著,菊池 由貴子,亜紀書房,20220928,264,1800,0095,一般,単行本,文学,https://cover.openbd.jp/9784750517674.jpg,"《そうだ、大槌だけの新聞をつくろう！》
町民の、町民による、町民のための小さな「大槌新聞」10年の奮闘記

----------------------

自分が生まれ育った町に何の関心も持たず、文章もろくに書いたことがない引っ込み思案な「わたし」。
震災を機に踏み出した、町と自身の再生への道のり……。

被災地復興の光と影、真のメディアとジャーナリズムのあり方を忖度なくあぶり出した、自伝的ノンフィクション。","■はじめに

第１章……生きる意義を見失っていた震災前
■私が生まれ育った町、大槌
■大病続きの人生

第2章……大槌町の新聞を作りたい
■津波が襲った日
■素人が「大槌新聞」を創刊

第3章……地域メディアミックスに挑む
■人口１万人の町だからこそ
■選挙で状況が一変する

第4章……中断された震災検証
■調査不足だった初回の検証
■二度目の検証をしたけれど
■記録誌は「検証」ではない
■誇れる民間のアーカイブ

第5章……解体された大槌町旧役場庁舎
■保存から一転、解体へ
■解体に熟慮を求めた住民
■訴訟にまで発展した末に

第6章……本当の復興はこれから
■課題はいろいろ
　・縮むまちづくり
　・官民連携の難しさ
　・地域情報はコミュニティの基礎
■地方自治の現実と可能性
・町役場で相次ぐ不祥事
・議会好きだからこそ言いたい
■復興とは何なのか
　・税金の無駄にならないために
　・古くて新しい、お祭りの力

第7章……創造的メディアをめざして
■大槌新聞とマスコミとの違い
■いつか絶対良くなる

■おわりに"
9784041080542,エミリの小さな包丁,エミリ ノ チイサナ ホウチョウ,,も21-3,角川文庫,"森沢,明夫,1969-","森沢, 明夫, 1969-",KADOKAWA,201906,,760,,,,,,,
9784041039014,キケン,キケン,,あ48-14,角川文庫,"有川,浩,1972-","有川, 浩, 1972-",KADOKAWA,201606,,600,,,,,,,"部長・上野直也という男
副部長・大神宏明の悲劇
三倍にしろ! 前編
三倍にしろ! 後編
勝たんまでも負けん!
落ち着け。俺たちは今、"
9784847071461,大人の雑学西洋画家事典 : 人柄がわかるエピソードで楽しく読める!,オトナ ノ ザツガク セイヨウ ガカ ジテン : ヒトガラ ガ ワカル エピソード デ タノシク ヨメル,,,,"らち,まゆみ,1990-","らち, まゆみ, 1990-",ワニブックス,202201,,1350,,,,,,,
9784087493573,23分間の奇跡,ニジュウサンプンカン ノ キセキ,,,集英社文庫,"Clavell,James,1921-1994 青島,幸男,1932-2006","Clavell, James, 1921-1994 / 青島, 幸男, 1932-2006",集英社,198807,,280 (税込),,,,,,,
9784062769778,カラスの親指 : by rule of CROW's thumb,カラス ノ オヤユビ : by rule of CROW's thumb,,み63-1,講談社文庫,"道尾,秀介","道尾, 秀介",講談社,201107,,743,,,,,,,
9784101802879,幽霊を信じない理系大学生、霊媒師のバイトをする,ユウレイヲシンジナイリケイダイガクセイレイバイシノバイトヲスル,,,新潮文庫ｎｅｘ（ネックス）,柞刈湯葉,柞刈 湯葉,新潮社,,,710,,,,,,,
9784121027405,日本語の発音はどう変わってきたか : 「てふてふ」から「ちょうちょう」へ、音声史の旅,ニホンゴ ノ ハツオン ワ ドウ カワッテ キタカ : テフテフ カラ チョウチョウ エ オンセイシ ノ タビ,,2740,中公新書,"釘貫,亨,1954-","釘貫, 亨, 1954-",中央公論新社,202302,,840,,,,,,,
9784152104199,すべての原付の光,スベテ　ノ　ゲンツキ　ノ　ヒカリ,,,,アマサワ／トキオ,アマサワ／トキオ,早川書房,,,,,,,,,,
9784101216539,ざんねんなスパイ,ザンネン ナ スパイ,,い-133-3,新潮文庫,"一條,次郎,1974-","一條, 次郎, 1974-",新潮社,202108,,670,,,,,,,
9784041127445,火喰鳥を、喰う,ヒクイドリ オ クウ,,は4-1,角川ホラー文庫,"原,浩,1974-","原, 浩, 1974-",KADOKAWA,202211,,720,,,,,,,
9784101234175,夜のピクニック,ヨル ノ ピクニック,,,新潮文庫,"恩田,陸,1964-","恩田, 陸, 1964-",新潮社,200609,,629,,,,,,,
9784163920504,順風満帆,クラウド ナイン,,,,"波木,銅,1999-","波木, 銅, 1999-",文藝春秋,202512,,1600,,,,,,,"順風満帆
ラッキーパンチ・ドランカー
結局のところ、わたしたちはみな
フェイクファー
楽園ベイベー"
9784101802855,イデアの再臨,イデア ノ サイリン,,こ-77-2. nex,新潮文庫,"五条,紀夫","五条, 紀夫",新潮社,202405,,590,,,,,,,
9784488798024,ときときチャンネル　宇宙飲んでみた,トキトキチャンネルウチュウノンデミタ,,,創元ＳＦ文庫,宮澤伊織,宮澤 伊織,,,,840,,,,,,,
9784334108793,5A73,ゴエーナナサン,,,光文社文庫,詠坂雄二,詠坂雄二,,,,,,,,,,,
9784041064290,ぼぎわんが、来る,ボギワン ガ クル,,Hさ4-1,角川ホラー文庫,"澤村,伊智,1979-","澤村, 伊智, 1979-",KADOKAWA,201802,,680,,,,,,,
9784167921255,汚れた手をそこで拭かない,ヨゴレタ テ オ ソコ デ フカナイ,,あ90-2,文春文庫,"芦沢,央,1984-","芦沢, 央, 1984-",文藝春秋,202311,,700,,,,,,,"ただ、運が悪かっただけ
埋め合わせ
忘却
お蔵入り
ミモザ"
9784101269313,何者,ナニモノ,,あ-78-1,新潮文庫,"朝井,リョウ","朝井, リョウ",新潮社,201507,,590,,,,,,,
9784041144022,やまのめの六人,ヤマノメ ノ ロクニン,,は4-2,角川ホラー文庫,"原,浩,1974-","原, 浩, 1974-",KADOKAWA,202312,,780,,,,,,,
9784140887547,中国ＴｉｋＴｏｋ民俗学 : スマホからはじまる珍神探訪,チュウゴクティックトックミンゾクガク : スマホカラハジマルチンシンタンボウ,,,NHK出版新書　754 ； 754,大谷亨,大谷 亨,ＮＨＫ出版,,,1350,,,,,,,
9784101269320,何様,ナニサマ,,あ-78-2,新潮文庫,"朝井,リョウ","朝井, リョウ",新潮社,201907,,670,,,,,,,"水曜日の南階段はきれい
それでは二人組を作ってください
逆算
きみだけの絶対
むしゃくしゃしてやった、と言ってみたかった
何様"
9784047388284,ダクダデイラ,ダクダデイラ,,,,"餅屋,䖸","餅屋, 䖸",KADOKAWA,202604,,1800,,,,,,,
9784065363706,爆弾,バクダン,,こ90-6,講談社文庫,"呉,勝浩,1981-","呉, 勝浩, 1981-",講談社,202407,,970,,,,,,,
9784101445038,しあわせの書 : 迷探偵ヨギガンジーの心霊術,シアワセ ノ ショ,,,新潮文庫,"泡坂,妻夫,1933-2009","泡坂, 妻夫, 1933-2009",新潮社,198707,,320,,,,,,,
9784065439289,人・で・なし,ヒトデナシ,,み42-26,講談社文庫,"宮部,みゆき,1960-","宮部, みゆき, 1960-",講談社,202607,,500,,,,,,,"サボテンの花
うそつき喇叭
十年計画
人・で・なし"
9784041143094,ここにひとつの□がある,ココ ニ ヒトツ ノ ハコ ガ アル,,な8-1,角川ホラー文庫,梨,梨,KADOKAWA,202411,,700,,,,,,,"邪魔
放課
カシル様専用
練習問題
京都府北部で発見されたタイムカプセル
穴埋め作業
虹色の水疱瘡、或いは廃墟で痙攣するケロイドが見た夢の中の風景
箱庭"
9784167733018,葉桜の季節に君を想うということ,ハザクラ ノ キセツ ニ キミ オ オモウ ト ユウ コト,,,文春文庫,"歌野,晶午,1961-","歌野, 晶午, 1961-",文藝春秋,200705,,629,,,,,,,
9784062769815,浜村渚の計算ノート,ハマムラ ナギサ ノ ケイサン ノート,,あ118-1,講談社文庫,"青柳,碧人","青柳, 碧人",講談社,201106,,581,,,,,,,"ぬり絵をやめさせる
悪魔との約束
ちごうた計算
πレーツ・オブ・サガミワン
解説"
9784575514834,少女,ショウジョ,,み-21-02,双葉文庫,"湊,かなえ","湊, かなえ",双葉社,201202,,619,,,,,,,
9784309032764,ハッピー山 = HAPPY YAMA,ハッピーヤマ,,,,"松田,いりの,1991-","松田, いりの, 1991-",河出書房新社,202607,,1650,,,,,,,
9784087471984,夏と花火と私の死体,ナツ ト ハナビ ト ワタクシ ノ シタイ,,,集英社文庫,"乙一,1978-","乙一, 1978-",集英社,200005,,419,,,,,,,"夏と花火と私の死体
優子"
9784167711016,イン・ザ・プール,イン ザ プール,,,文春文庫,"奥田,英朗,1959-","奥田, 英朗, 1959-",文藝春秋,200603,,476,,,,,,,"イン・ザ・プール
勃ちっ放し
コンパニオン
フレンズ
いてもたっても"
9784041168110,三重県津市西区平山町3-15-7,ミエケン ツシ ニシク ヒラヤマチョウ サン ジュウゴ ナナ,,,,大舟,大舟,KADOKAWA,202601,,1400,,,,,,,
9784101240299,残穢,ザンエ,,お-37-9,新潮文庫,"小野,不由美,1960-","小野, 不由美, 1960-",新潮社,201508,,590,,,,,,,
9784150314576,人工知能で10億ゲットする完全犯罪マニュアル,ジンコウ チノウ デ ジュウオク ゲット スル カンゼン ハンザイ マニュアル,,1457,ハヤカワ文庫 JA,"竹田,人造,1990-","竹田, 人造, 1990-",早川書房,202011,,980,,,,,,,
9784150505189,誰が音楽をタダにした? : 巨大産業をぶっ潰した男たち,ダレ ガ オンガク オ タダ ニ シタ : キョダイ サンギョウ オ ブッツブシタ オトコタチ,,518,ハヤカワ文庫 NF,"Witt,Stephen,1979- 関,美和","Witt, Stephen, 1979- / 関, 美和",早川書房,201803,,940,,,,,,,
9784594090265,「ぴえん」という病 : SNS世代の消費と承認,ピエン ト イウ ヤマイ : エスエヌエス セダイ ノ ショウヒ ト ショウニン,,420,扶桑社新書,"佐々木,チワワ,2000-","佐々木, チワワ, 2000-",扶桑社,202201,,820,,,,,,,
9784150120979,さあ、気ちがいになりなさい,サア キチガイ ニ ナリナサイ,,2097,ハヤカワ文庫 SF,"Brown,Fredric,1906-1972 星,新一,1926-1997","Brown, Fredric, 1906-1972 / 星, 新一, 1926-1997",早川書房,201610,,920,,,,,,,"みどりの星へ
ぶっそうなやつら
おそるべき坊や
電獣ヴァヴェリ
ノック
ユーディの原理
シリウス・ゼロ
町を求む
帽子の手品
不死鳥への手紙
沈黙と叫び
さあ、気ちがいになりなさい"
9784062190466,殺人出産,サツジン シュッサン,,,,"村田,沙耶香,1979-","村田, 沙耶香, 1979-",講談社,201407,,1400,,,,,,,殺人出産 トリプル 清潔な結婚 余命
9784101035413,暇と退屈の倫理学,ヒマ ト タイクツ ノ リンリガク,,こ-73-1,新潮文庫,"國分,功一郎,1974-","國分, 功一郎, 1974-",新潮社,202201,,800,,,,,,,
9784396633301,吉祥寺の朝日奈くん,キチジョウジ ノ アサヒナ クン,,,,"中田,永一,1978-","中田, 永一, 1978-",祥伝社,200912,,1600,,,,,,,"交換日記はじめました!
ラクガキをめぐる冒険
三角形はこわさないでおく
うるさいおなか
吉祥寺の朝日奈くん"
9784022518378,君のクイズ,キミ ノ クイズ,,,,"小川,哲,1986-","小川, 哲, 1986-",朝日新聞出版,202210,,1400,,,,,,,
9784334045715,物理学者、SF映画にハマる : 「時間」と「宇宙」を巡る考察,ブツリ ガクシャ エスエフ エイガ ニ ハマル : ジカン ト ウチュウ オ メグル コウサツ,,1164,光文社新書,"高水,裕一,1980-","高水, 裕一, 1980-",光文社,202110,,780,,,,,,,
9784877380649,料理の四面体 : 東西美味発見法,リョウリ ノ シメンタイ : トウザイ ビミ ハッケンホウ,,,酒文ライブラリー,"玉村,豊男,1945-","玉村, 豊男, 1945-",紀伊國屋書店,199904,,1400,,,,,,,
9784488745028,シュレーディンガーの少女,シュレーディンガー ノ ショウジョ,,SFま2-2,創元SF文庫,"松崎,有理,1972-","松崎, 有理, 1972-",東京創元社,202212,,860,,,,,,,六十五歳デス 太っていたらだめですか? 異世界数学 秋刀魚、苦いかしょっぱいか ペンローズの乙女 シュレーディンガーの少女
9784334046002,映画を早送りで観る人たち : ファスト映画・ネタバレ-コンテンツ消費の現在形,エイガ オ ハヤオクリ デ ミル ヒトタチ : ファスト エイガ ネタバレ コンテンツ ショウヒ ノ ゲンザイケイ,,1192,光文社新書,"稲田,豊史,1974-","稲田, 豊史, 1974-",光文社,202204,,900,,,,,,,
9784152100795,異常(アノマリー),アノマリー,,,,"LeTellier,Hervé,1957- 加藤,かおり,1966-","Le Tellier, Hervé, 1957- / 加藤, かおり, 1966-",早川書房,202202,,2700,,,,,,,
9784150413330,アルジャーノンに花束を,アルジャーノン ニ ハナタバ オ,,1333,ハヤカワ文庫 NV,"Keyes,Daniel,1927-2014 小尾,芙佐,1932-","Keyes, Daniel, 1927-2014 / 小尾, 芙佐, 1932-",早川書房,201503,,860,,,,,,,
9784344031944,たゆたえども沈まず = FLUCTUAT NEC MERGITUR,タユタエドモ シズマズ,,,,"原田,マハ","原田, マハ",幻冬舎,201710,,1600,,,,,,,
9784062938532,その可能性はすでに考えた,ソノ カノウセイ ワ スデニ カンガエタ,,い144-1,講談社文庫,"井上,真偽","井上, 真偽",講談社,201802,,760,,,,,,,
9784040674803,絶深海のソラリス 2,ゼツシンカイ ノ ソラリス,,ら-02-02,MF文庫J,"らきるち,1985-","らきるち, 1985-",KADOKAWA,201503,,580,,,,,,,
9784061819276,笑わない数学者,ワラワナイ スウガクシャ,,,講談社ノベルス,"森,博嗣,1957-","森, 博嗣, 1957-",講談社,199609,,880 (税込),,,,,,,
9784062775038,占星術殺人事件,センセイジュツ サツジン ジケン,,し26-29,講談社文庫,"島田,荘司,1948-","島田, 荘司, 1948-",講談社,201308,,838,,,,,,,
9784062934756,眼球堂の殺人 : The Book,ガンキュウドウ ノ サツジン : ザ ブック,,し111-1,講談社文庫,"周木,律","周木, 律",講談社,201609,,940,,,,,,,
9784163918082,令和元年の人生ゲーム,レイワ ガンネン ノ ジンセイ ゲーム,,,,"麻布競馬場,1991-","麻布競馬場, 1991-",文藝春秋,202402,,1500,,,,,,,
9784121027726,恐怖の正体 : トラウマ・恐怖症からホラーまで,キョウフノショウタイ : トラウマ・キョウフショウカラホラーマデ,,2772,中公新書,春日武彦／著,春日武彦,中央公論新社,20230921,264,920,1295,教養,新書,文学,,うじゃうじゃと蠢く虫の群れ、おぞましいほど密集したブツブツの集合体、刺されば激痛が走りそうな尖端、高所や閉所、人形、ピエロ、屍体――。なぜ人は「それ」に恐怖を感じるのか。人間心理の根源的な謎に、精神科医・作家ととして活躍する著者が迫る。恐怖に駆られている間、なぜ時間が止まったように感じるのか。グロテスクな描写から目が離せなくなる理由とは。死の恐怖をいかに克服するか等々、「得体の知れない何か」の正体に肉薄する。,
9784122075146,無意味なものと不気味なもの,ムイミナモノトブキミナモノ,,,中公文庫 ； か89－2,春日武彦,春日武彦,中央公論新社,,,920,,,,,,,
9784778319069,ニュー・サバービア,ニュー サバービア,,,,波木銅,波木 銅,太田出版,202401,,¥1800,,,,,,,
9784065139950,恋と禁忌の述語論理(プレディケット),コイ ト キンキ ノ プレディケット,,い144-3,講談社文庫,"井上,真偽","井上, 真偽",講談社,201812,,860,,,,,,,"スターアニスと命題論理
クロスノットと述語論理
トリプレッツと様相論理
恋と禁忌の……?"
9784062188197,金を払うから素手で殴らせてくれないか?,カネ オ ハラウ カラ スデ デ ナグラセテ クレナイカ,,,,"木下,古栗","木下, 古栗",講談社,201403,,1500,,,,,,,IT業界心の闇 Tシャツ 金を払うから素手で殴らせてくれないか?
9784065433522,フェイク・マッスル,フェイク マッスル,,ひ67-1,講談社文庫,"日野,瑛太郎,1985-","日野, 瑛太郎, 1985-",講談社,202608,,830,,,,,,,
9784062935487,双孔堂の殺人 : Double Torus,ソウコウドウ ノ サツジン : ダブル トーラス,,し111-2,講談社文庫,"周木,律","周木, 律",講談社,201612,,800,,,,,,,
9784121026026,韓国社会の現在 : 超少子化、貧困・孤立化、デジタル化,カンコク シャカイ ノ ゲンザイ : チョウショウシカ ヒンコン コリツカ デジタルカ,,2602,中公新書,"春木,育美,1967-","春木, 育美, 1967-",中央公論新社,202008,,880,,,,,,,
9784408538440,午後のチャイムが鳴るまでは,ゴゴ　ノ　チャイム　ガ　ナル　マデ　ワ,,,,阿津川／辰海,阿津川／辰海,実業之日本社,,,,,,,,,,
9784041001424,Another 上,Another,,17291,角川スニーカー文庫 = Kadokawa Sneaker Bunko,"綾辻,行人,1960-","綾辻, 行人, 1960-",角川グループパブリッシング,201203,,667,,,,,,,
9784041001417,Another 下,Another,,17292,角川スニーカー文庫 = Kadokawa Sneaker Bunko,"綾辻,行人,1960-","綾辻, 行人, 1960-",角川グループパブリッシング,201203,,667,,,,,,,
9784087718164,清朝時代にタイムスリップしたので科挙ガチってみた,シンチョウ ジダイ ニ タイム スリップ シタ ノデ カキョ ガチッテ ミタ,,,,"佐川,恭一,1985-","佐川, 恭一, 1985-",集英社,202211,,1700,,,,,,,清朝時代にタイムスリップしたので科挙ガチってみた 少年激走録 すばる文学賞三次通過の女 踊る阿呆 花火大会撲滅作戦 普通科高校の魔法使い スターライトパレスパート2にて コマネチ 東大A判定記念パーティ
9784065119433,聖女の毒杯 : その可能性はすでに考えた,セイジョ ノ ドクハイ : ソノ カノウセイ ワ スデニ カンガエタ,,い144-2,講談社文庫,"井上,真偽","井上, 真偽",講談社,201807,,760,,,,,,,
9784152099952,それはあくまで偶然です : 運と迷信の統計学,ソレ ワ アクマデ グウゼン デス : ウン ト メイシン ノ トウケイガク,,,,"Rosenthal,JeffreySeth 石田,基広 柴田,裕之,1959-","Rosenthal, Jeffrey Seth / 石田, 基広 / 柴田, 裕之, 1959-",早川書房,202101,,2300,,,,,,,
9784120059742,超 すしってる,チョウスシッテル,,,単行本,須藤アンナ,須藤アンナ,中央公論新社,,,1700,,,,,,,
